dataset_file,distance_function,radius,n_segment_ids,n_ids,n_calculated_pairs,duration,trainride_start_seconds,window_size,sampling_rate,threshold,test_frac,seed,metric,n_runs,n_workers,mcc_train,f1_train,accuracy_train,precision_train,recall_train,TP_train,FP_train,TN_train,FN_train,mcc_test,f1_test,accuracy_test,precision_test,recall_test,TP_test,FP_test,TN_test,FN_test,n_pairs_test,mrr_test,mcc_train_std,f1_train_std,accuracy_train_std,precision_train_std,recall_train_std,TP_train_std,FP_train_std,TN_train_std,FN_train_std,mcc_test_std,f1_test_std,accuracy_test_std,precision_test_std,recall_test_std,TP_test_std,FP_test_std,TN_test_std,FN_test_std,n_pairs_test_std,mrr_test_std,threshold_std,total_distance_time_s,total_cpu_hours
all_coloc_first30_5s_window50_60Hz.pkl,ddtw,1,329,643,206403,5,30,50,60.0,9.296985865803792,0.3,magtrack,mcc,10,2,0.10209622556164052,0.02149860462848014,0.9974639330458206,0.975,0.010875884608887349,5.6,0.2,200559.2,509.8,0.06056314480526833,0.012463827306610983,0.9940503928075956,0.6,0.0063053907820852535,1.4,0.0,37268.6,223.2,37493.2,0.12518979028808622,0.011917181564000512,0.0046371839433159085,2.4428768703268716e-05,0.075,0.0023708755807930783,1.2,0.6000000000000001,3156.952986662931,11.981652640600128,0.05099282786935735,0.01160406582084322,0.00012088320368709777,0.48989794855663565,0.005891591993715115,1.2806248474865698,0.0,1357.6641852829441,12.073110618229256,1369.146946094538,0.014599987632332369,3.2831597327572988,0.569,2.1181
all_coloc_first30_5s_window1_60Hz.pkl,ddtw,1,322,631,198765,5,30,1,60.0,19.355238236018675,0.3,magtrack,mcc,10,2,0.09386541672322277,0.01786837462780203,0.9974032266648454,1.0,0.009020626081200436,4.6,0.0,193758.0,504.6,0.06046019869945093,0.012392596024035436,0.9938959027462391,0.6,0.006267681832593158,1.4,0.0,35664.4,219.4,35885.2,0.0661253485660401,0.013656400444530528,0.004795360235221266,3.1704757780874874e-05,0.0,0.002438534407717483,1.2806248474865698,0.0,6302.158043083337,21.18584433059018,0.050736898777565494,0.01132877537065414,0.0002006250756013511,0.48989794855663565,0.005746063053078415,1.2806248474865698,0.0,2651.0637563061364,21.18584433059018,2672.0078143598307,0.011136265443230778,1.3441111075872467,0.674,2.0344
all_coloc_first30_5s_window10_60Hz.pkl,ddtw,1,329,643,206403,5,30,10,60.0,16.16446675009268,0.3,magtrack,mcc,10,2,0.10157872462692279,0.02076891971969075,0.9974639330458206,1.0,0.010499944759263288,5.4,0.0,200559.4,510.0,0.04658335907844177,0.012289368693317416,0.9939770776857879,0.39761904761904765,0.0063053907820852535,1.4,2.8,37265.8,223.2,37493.2,0.06580964614921131,0.01245439079208664,0.005023883940081169,2.4428768703268716e-05,0.0,0.0025672044272096817,1.2806248474865698,0.0,3157.299992081842,12.263767773404714,0.042967799165986614,0.011427636173706068,0.00018306001959707025,0.4243241925794042,0.005891591993715115,1.2806248474865698,4.019950248448356,1356.1650194574404,12.073110618229256,1369.146946094538,0.008447922310141168,6.35434776823017,0.621,2.1448
all_coloc_first30_5s_window100_60Hz.pkl,ddtw,1,328,641,205120,5,30,100,60.0,8.871279446494544,0.3,magtrack,mcc,10,2,0.11072993511165838,0.02512060015390242,0.9974577049732005,0.9800000000000001,0.01273288291004561,6.6,0.2,201551.4,513.6,0.05661517615120727,0.013124512176632769,0.9940175705216939,0.5166666666666667,0.0066844703966727785,1.4,1.0,36093.0,216.4,36311.8,0.17270266432429715,0.01149588870261449,0.005181029493919136,3.317136093048929e-05,0.05999999999999999,0.0026607227885698617,1.2806248474865698,0.6000000000000001,4169.825324878729,15.12084653714864,0.05161279028505404,0.012173776756219268,0.00017766759510801715,0.4856267428111155,0.006201021757434445,1.2806248474865698,3.0,1779.8452179894746,15.252540771950096,1793.3656515055704,0.018259411051256096,1.5455001459913815,0.623,2.1277
all_coloc_first30_5s_window5_60Hz.pkl,ddtw,1,329,643,206403,5,30,5,60.0,14.365835156540417,0.3,magtrack,mcc,10,2,0.09336404916271009,0.01770630914358265,0.997459942012022,1.0,0.0089384547012703,4.6,0.0,200559.4,510.8,0.06056314480526833,0.012463827306610983,0.9940503928075956,0.6,0.0063053907820852535,1.4,0.0,37268.6,223.2,37493.2,0.05775433533862397,0.014104124178940997,0.004925047504004047,2.3231046748150058e-05,0.0,0.0025041915496906973,1.2806248474865698,0.0,3157.299992081842,12.073110618229256,0.05099282786935735,0.01160406582084322,0.00012088320368709777,0.48989794855663565,0.005891591993715115,1.2806248474865698,0.0,1357.6641852829441,12.073110618229256,1369.146946094538,0.008230387014320965,0.63317321900426,0.643,2.146
all_coloc_first30_5s_window150_60Hz.pkl,ddtw,1,328,641,205120,5,30,150,60.0,7.672467768128847,0.3,magtrack,mcc,10,2,0.12401555066509795,0.03320021544296896,0.9974646264276839,0.9297619047619048,0.016928152296931745,8.8,1.0,201550.6,511.4,0.09590597538882399,0.030477105166406688,0.9940436903998663,0.645,0.01577201523381595,3.4,2.0,36092.0,214.4,36311.8,0.2102541424407845,0.008288221149415326,0.005836368690583604,3.0177427387071083e-05,0.11071428571428571,0.0030667438611015787,1.6,1.61245154965971,4169.438911892103,14.506550244630871,0.05224360727824351,0.018382529323792612,0.00016045618325731542,0.4027716474629266,0.009625674777261893,2.009975124224178,3.687817782917155,1780.526439006172,14.853955702101715,1793.3656515055704,0.027098313282168246,0.4550125080003498,0.627,2.1327
all_coloc_first30_5s_window5_40Hz.pkl,ddtw,1,331,775,299925,5,30,5,40.0,17.69528230342211,0.3,magtrack,mcc,10,2,0.0747373090384387,0.012508454279466818,0.9972123891446032,0.9349999999999999,0.006304778373192979,5.2,0.6,293075.0,818.8,0.05534112321998338,0.012152986430013907,0.9934183113448111,0.5819047619047619,0.006197738719587529,2.2,2.6,53448.2,351.8,53804.8,0.05846285012280359,0.01127580428706684,0.004298396594395968,2.946625321646652e-05,0.10012492197250392,0.0021842232144830553,1.8330302779823358,0.9165151389911679,5656.282896036937,22.96432015105172,0.0327818503408144,0.00766507743954922,0.0001672629040519122,0.4297222643636188,0.003949420069246504,1.4,4.004996878900157,2408.1809649608977,23.003477997902838,2430.5466381042766,0.011392803456120551,6.535668401041041,0.785,1.9858
all_coloc_first60_5s_window100_60Hz.pkl,ddtw,1,321,579,167331,5,60,100,60.0,8.849878842730583,0.3,magtrack,mcc,10,2,0.10645298178989213,0.024142245078748494,0.9975696962445385,0.9416666666666667,0.012236674397869443,5.0,0.4,165899.8,403.8,0.0606782350052147,0.016267779511749306,0.9942517120069819,0.4833333333333334,0.008335684525640038,1.4,0.8,28808.2,165.8,28976.2,0.17484492574172034,0.013242893868412278,0.004813703357589629,2.5553856545166504e-05,0.11814539065631523,0.002468729275202581,1.0,0.8000000000000002,2353.224077728256,8.170679286326198,0.051363445722869466,0.014578852486717005,0.00016819921428788164,0.45,0.007539775374976308,1.2806248474865698,1.6000000000000003,985.4649461041221,8.072174428244226,992.213061796709,0.021669471517176346,4.598438326197026,0.586,3.4831
all_coloc_first30_5s_window1_40Hz.pkl,ddtw,1,324,761,289180,5,30,1,40.0,23.026417443669654,0.3,magtrack,mcc,10,2,0.07713693729811608,0.013532392236650445,0.9971267406630657,0.9016666666666666,0.006823806187254655,5.6,0.8,283916.0,817.4,0.037503278351179906,0.008072626586338191,0.9933218669325736,0.395,0.004101843807211901,1.4,3.0,50923.8,339.6,51267.8,0.060431222772028545,0.010284852650251513,0.003734917644171127,2.3563894982104413e-05,0.12526638282742367,0.0019019360897801502,1.4966629547095764,0.9797958971132713,3541.294452597807,16.877203559831827,0.03459758612791578,0.007323011768570964,0.00018203410683739597,0.42334973721498875,0.0037313644712326875,1.2806248474865698,3.1304951684997055,1487.6801941277567,16.119553343687908,1505.5092028944891,0.010331142946140742,8.697772851822599,0.761,1.9379
all_coloc_first30_5s_window50_40Hz.pkl,ddtw,1,331,775,299925,5,30,50,40.0,9.89498174852367,0.3,magtrack,mcc,10,2,0.08318446769985256,0.014437923080176777,0.9972164777067428,0.9666666666666666,0.0072760159356174735,6.0,0.2,293075.4,818.0,0.04940421052845934,0.008912511990938909,0.9934327367660124,0.5916666666666666,0.004504897434895123,1.6,1.2,53449.6,352.4,53804.8,0.11602232305710254,0.013185095212603283,0.0036408831676933966,3.0305113333283664e-05,0.1,0.0018453766054652044,1.5491933384829668,0.6000000000000001,5656.16103377547,22.94340863951998,0.03457375441120993,0.00670420001007037,0.00014321949281925574,0.44791182167922294,0.003401203749982657,1.2000000000000002,2.0396078054371136,2408.804151441125,23.06165648863932,2430.5466381042766,0.01990529205807286,2.423528005456524,0.834,1.9599
all_coloc_first60_5s_window1_20Hz.pkl,ddtw,1,321,756,285390,5,60,1,20.0,15.392477682479253,0.3,magtrack,mcc,10,2,0.0745262388403945,0.011306741008447186,0.9971214853551414,1.0,0.005687883591308668,4.6,0.0,277899.0,802.4,0.047757698110926394,0.007741740727001079,0.9931925719111099,0.6,0.003898194435296833,1.4,0.0,51249.0,351.6,51602.0,0.07963956701889874,0.010832440560403256,0.0030542814276154594,2.727443547633557e-05,0.0,0.0015436541230018153,1.2806248474865698,0.0,5556.718258108827,23.303218661807215,0.03988436958013338,0.0069655041741582815,0.00014567981117698223,0.48989794855663565,0.0035129517237835767,1.2806248474865698,0.0,2363.6612701484955,23.303218661807215,2387.2043900763924,0.017106458429222232,1.757012161439921,0.714,1.9081
all_coloc_first30_5s_window10_40Hz.pkl,ddtw,1,331,775,299925,5,30,10,40.0,14.609461565477028,0.3,magtrack,mcc,10,2,0.0793975865469165,0.013440546188829606,0.9972150983263053,0.9800000000000001,0.006775366608487096,5.6,0.2,293075.4,818.4,0.05532830991170209,0.01212866275141193,0.9934137305854138,0.585,0.006197738719587529,2.2,2.8,53448.0,351.8,53804.8,0.06451136685836087,0.016226751253276203,0.005386065430238427,3.0087037469871188e-05,0.05999999999999999,0.0027337886155033874,2.3323807579381204,0.6000000000000001,5656.008136486368,22.55304857441672,0.03267696903947382,0.007615527113056759,0.00016328728388144092,0.42898135157603295,0.003949420069246504,1.4,4.995998398718719,2409.18708281445,23.003477997902838,2430.5466381042766,0.010833699521116073,5.422864190066716,0.8,1.9341
all_coloc_first30_5s_window100_40Hz.pkl,ddtw,1,330,773,298378,5,30,100,40.0,7.722833299571567,0.3,magtrack,mcc,10,2,0.08591847354946226,0.01856033628017952,0.9971958650503921,0.8699999999999999,0.009492324537874847,7.8,4.8,290685.8,812.8,0.0380089769480586,0.007812117219938536,0.993341606749451,0.4443478260869565,0.004021649913768656,1.4,5.0,53529.2,354.0,53889.6,0.17096197605391678,0.008850649788191355,0.007601447957701144,4.7976760909071695e-05,0.22825424421026652,0.004207066129180923,3.515679166249389,12.464349160706307,4731.675343892478,21.65548429382266,0.03559994668245124,0.007344862099592572,0.00028585643723192246,0.46770080753471027,0.0037797445937475796,1.2806248474865698,13.1224997618594,2034.2485983772976,22.342784070030305,2052.3137771793085,0.025431245261859883,1.668331914532086,0.844,1.9839
all_coloc_first30_5s_window150_40Hz.pkl,ddtw,1,330,773,298378,5,30,150,40.0,6.530046679974953,0.3,magtrack,mcc,10,2,0.09822967636322182,0.022609440847878585,0.9972108697609722,0.8589285714285715,0.011465799047763138,9.4,2.0,290688.6,811.2,0.06441200768968781,0.01558149371458937,0.993432701235349,0.6266666666666667,0.007983149276390348,2.8,1.6,53532.6,352.6,53889.6,0.19855946668163793,0.009245960815027352,0.0030945239044817114,3.645171196512216e-05,0.14987830475364894,0.0015995926301501145,1.2806248474865698,2.1908902300206643,4734.032196764191,22.05810508633958,0.03558468424969989,0.013575177022599918,0.00017068361552679284,0.37112441759244746,0.007094486747328754,2.4,2.4979991993593593,2031.2711389669278,22.50422182613742,2052.3137771793085,0.025594031404715858,0.9768659346907598,0.84,1.9846
all_coloc_first60_5s_window10_20Hz.pkl,ddtw,1,328,770,296065,5,60,10,20.0,13.443655245924196,0.3,magtrack,mcc,10,2,0.0734216193274438,0.01100006831680986,0.9971696007755911,1.0,0.005532916248927413,4.6,0.0,292091.0,829.2,0.04942704804132984,0.008350056261820966,0.9934798463501625,0.6,0.0042081299839688315,1.4,0.0,51580.0,338.8,51920.2,0.0855113902738393,0.011248934316294822,0.0031147286772497244,2.1198621357035868e-05,0.0,0.001573726641365248,1.2806248474865698,0.0,5666.557632284348,21.729242968865712,0.04168819274397237,0.007841262695435355,0.00012547138434893283,0.48989794855663565,0.003961849061848602,1.2806248474865698,0.0,2372.8681379292866,21.729242968865712,2393.992890549176,0.009479814793569682,1.2225658309109066,0.721,1.9233
all_coloc_first60_5s_window50_20Hz.pkl,ddtw,1,328,770,296065,5,60,50,20.0,12.77352789875312,0.3,magtrack,mcc,10,2,0.0824647171472654,0.013830101207448006,0.9971736864254337,1.0,0.006967241117729986,5.8,0.0,292091.0,828.0,0.04942704804132984,0.008350056261820966,0.9934798463501625,0.6,0.0042081299839688315,1.4,0.0,51580.0,338.8,51920.2,0.1511346587360996,0.012130036034268736,0.003977515882194016,2.1030704132438395e-05,0.0,0.002017185094087613,1.6613247725836149,0.0,5666.557632284348,21.577766334817884,0.04168819274397237,0.007841262695435355,0.00012547138434893283,0.48989794855663565,0.003961849061848602,1.2806248474865698,0.0,2372.8681379292866,21.729242968865712,2393.992890549176,0.015601314539818108,3.102705713540802,0.719,1.9303
all_coloc_first30_5s_window50_20Hz.pkl,ddtw,1,331,775,299925,5,30,50,20.0,10.027425515888659,0.3,magtrack,mcc,10,2,0.09022204407717457,0.018710548328712554,0.9972191640844086,0.8683333333333334,0.009459456008300986,7.8,1.2,293074.4,816.2,0.06688190045765267,0.012208932860077522,0.9934591229374906,0.7666666666666667,0.006164198675702941,2.2,0.4,53450.4,351.8,53804.8,0.12928818418422425,0.011865413026768589,0.0032023196220170394,2.9138416963206337e-05,0.1104158805003459,0.0016304256508871354,1.4,0.9797958971132712,5656.656878404417,22.846443924602358,0.0354070434417703,0.007747942253783548,0.00014710076043668842,0.39581140290126393,0.003929585599528349,1.4,0.8000000000000002,2408.2085956162514,22.846443924602358,2430.5466381042766,0.023345294255228872,0.12089190863032485,0.77,0.5009
all_coloc_first60_5s_window5_20Hz.pkl,ddtw,1,328,770,296065,5,60,5,20.0,14.269797496542441,0.3,magtrack,mcc,10,2,0.0734216193274438,0.01100006831680986,0.9971696007755911,1.0,0.005532916248927413,4.6,0.0,292091.0,829.2,0.04942704804132984,0.008350056261820966,0.9934798463501625,0.6,0.0042081299839688315,1.4,0.0,51580.0,338.8,51920.2,0.07637164784396969,0.011248934316294822,0.0031147286772497244,2.1198621357035868e-05,0.0,0.001573726641365248,1.2806248474865698,0.0,5666.557632284348,21.729242968865712,0.04168819274397237,0.007841262695435355,0.00012547138434893283,0.48989794855663565,0.003961849061848602,1.2806248474865698,0.0,2372.8681379292866,21.729242968865712,2393.992890549176,0.009566873798638692,1.463389210489208,0.703,1.9257
all_coloc_first60_5s_window5_10Hz.pkl,ddtw,1,328,770,296065,5,60,5,10.0,11.98988782565979,0.3,magtrack,mcc,10,2,0.0734216193274438,0.01100006831680986,0.9971696007755911,1.0,0.005532916248927413,4.6,0.0,292091.0,829.2,0.04942704804132984,0.008350056261820966,0.9934798463501625,0.6,0.0042081299839688315,1.4,0.0,51580.0,338.8,51920.2,0.1151584581988565,0.011248934316294822,0.0031147286772497244,2.1198621357035868e-05,0.0,0.001573726641365248,1.2806248474865698,0.0,5666.557632284348,21.729242968865712,0.04168819274397237,0.007841262695435355,0.00012547138434893283,0.48989794855663565,0.003961849061848602,1.2806248474865698,0.0,2372.8681379292866,21.729242968865712,2393.992890549176,0.012561118046126644,0.8150674894231692,0.815,0.4832
all_coloc_first30_5s_window5_20Hz.pkl,ddtw,1,331,775,299925,5,30,5,20.0,11.302644680659787,0.3,magtrack,mcc,10,2,0.0745162641471359,0.012530206883604036,0.997211689085098,0.9371428571428572,0.006319593294554973,5.2,0.8,293074.8,818.8,0.05060500745845718,0.010979495411028498,0.9934142208852836,0.5485714285714286,0.005619704037506604,2.0,2.6,53448.2,352.0,53804.8,0.06157847866165027,0.010997521284271656,0.004425903214846881,2.7973774032212557e-05,0.13570676670900478,0.0022581610383408854,1.8330302779823358,1.8330302779823362,5656.7588034138425,23.378622713923935,0.03624763831246902,0.008427916502461148,0.00018288777928047626,0.4596005364022375,0.004368932331083823,1.5491933384829668,5.370288632839021,2408.5534995096123,22.94340863951998,2430.5466381042766,0.012930613208927508,4.65532295004879,0.81,0.4976
all_coloc_first10_5s_window1_10Hz.pkl,ddtw,1,326,768,294528,5,10,1,10.0,2.546433057461562,0.3,magtrack,mcc,10,2,0.07846163567293193,0.013411080273736525,0.9971433249625472,0.9555555555555555,0.0067663513622836765,5.6,0.8,287241.8,822.2,0.04419115182276504,0.00791249805466781,0.9933850959596086,0.5166666666666666,0.003993795456921747,1.4,0.4,52709.0,350.8,53061.6,0.07078115167031354,0.00759176408125806,0.004055288917191351,2.543424602982233e-05,0.13333333333333333,0.002088197364796099,1.7435595774162693,2.4000000000000004,5250.266998924912,19.868568141665367,0.0369468979247673,0.007097321931298527,0.00013430367799308887,0.45,0.0035927374347177656,1.2806248474865698,0.8000000000000002,2189.1439879551094,19.903768487399564,2208.3731206478674,0.009485373256877401,1.158772734261273,1.122,0.0756
all_coloc_first10_5s_window1_60Hz.pkl,ddtw,1,326,708,250278,5,10,1,60.0,6.310623483532121,0.3,magtrack,mcc,10,2,0.08124516474326875,0.013433875430824221,0.9972512628151966,1.0,0.006765901398464069,4.6,0.0,244985.4,675.4,0.05336458668172685,0.009650779467590378,0.9936018308948587,0.6,0.004867965737392735,1.4,0.0,44448.0,286.6,44736.0,0.04213486973626976,0.012105696568623755,0.003726943876151529,3.134463889080484e-05,0.0,0.0018876333661645907,1.2806248474865698,0.0,6768.489346966575,24.28250398949828,0.044601977223072214,0.008690831044972503,0.00018774321008608076,0.48989794855663565,0.0043922935819653754,1.2806248474865698,0.0,2805.078394626432,24.28250398949828,2828.821097206396,0.004786538097312893,0.1602647708632484,1.001,0.4251
all_coloc_first10_5s_window150_60Hz.pkl,ddtw,1,332,720,258840,5,10,150,60.0,1.4102758715356132,0.3,magtrack,mcc,10,2,0.08753993975192106,0.018797102967576106,0.9973070594997229,0.8491666666666667,0.00952496082475225,6.6,1.8,253552.0,683.0,0.05856096081883892,0.010812311165241012,0.9937468108543147,0.65,0.005456952026227982,1.6,0.2,45874.2,288.8,46164.8,0.13664296515144708,0.01087402793629157,0.005374979456544378,3.381326948708161e-05,0.1625512739619923,0.00276537460009258,2.009975124224178,2.08806130178211,5118.445154536678,20.322401432901575,0.04035760706447536,0.007984288128177766,0.00017938488780047017,0.45,0.004037818507371901,1.2000000000000002,0.6000000000000001,2173.1264942474013,21.16978979583879,2193.8297472684612,0.02661117764832483,0.652791629587411,1.039,0.4213
all_coloc_first10_5s_window10_60Hz.pkl,ddtw,1,333,722,260281,5,10,10,60.0,4.054037640717815,0.3,magtrack,mcc,10,2,0.07739379711263783,0.012144862669421622,0.997312681188695,1.0,0.006111919267603185,4.2,0.0,253471.0,683.2,0.06913867394748255,0.012146817847824272,0.9937909578952387,0.8,0.006124058196493605,1.8,0.0,46792.6,292.8,47087.2,0.05256797500964268,0.010281123126684385,0.0030627165978013874,3.270900689333556e-05,0.0,0.0015500808280985105,1.077032961426901,0.0,6474.449613673736,25.206348406701036,0.036138376272230426,0.00729317224992521,0.00016901269292831145,0.4,0.003689904392896734,1.077032961426901,0.0,2803.073748583865,25.20634840670104,2828.174987514033,0.01247921024191619,0.12157024865255693,1.038,0.429
all_coloc_first10_5s_window10_10Hz.pkl,ddtw,1,333,782,305371,5,10,10,10.0,2.9112687997555744,0.3,magtrack,mcc,10,2,0.07543630597952097,0.01569338821373493,0.9972116453580778,0.805,0.00796540082020073,6.6,3.4,297104.6,827.6,0.05345264902062349,0.009993564899184843,0.9935185458473093,0.6,0.00504713718731232,1.8,1.4,55002.4,358.0,55363.6,0.08213142954597588,0.010112524113896916,0.006430122309438184,3.734026820471769e-05,0.2218670773233379,0.003324280693086033,2.6907248094147422,4.476605857119878,7276.249311286688,30.916662174303358,0.030341694340749806,0.005903459895429676,0.0002043507530416891,0.3815174380753199,0.0029914491253974435,1.077032961426901,1.562049935181331,3121.0970891659235,29.826163011691598,3151.462999941455,0.014878212662453235,1.1835923149492724,1.168,0.0782
all_coloc_first10_5s_window100_60Hz.pkl,ddtw,1,332,720,258840,5,10,100,60.0,1.793117148752176,0.3,magtrack,mcc,10,2,0.08361696874692684,0.018209299896723662,0.9972991434997904,0.8282212885154061,0.009264404073810883,6.4,3.6,253550.2,683.2,0.053089399466402176,0.010730631838278668,0.9937217138366325,0.5785714285714285,0.005456952026227982,1.6,1.4,45873.0,288.8,46164.8,0.10717369519651199,0.011314862731741085,0.005333082189539498,3.836891964329674e-05,0.2367435784767064,0.002825835478301378,1.9595917942265426,7.08801805866774,5119.599472615021,20.999047597450698,0.035971143976760045,0.007831481545881624,0.00019633699652277584,0.44544176650482475,0.004037818507371901,1.2000000000000002,2.9732137494637008,2172.2248962757058,21.16978979583879,2193.8297472684612,0.02031924073230284,1.0193551398766163,1.051,0.436
all_coloc_first10_5s_window5_60Hz.pkl,ddtw,1,333,722,260281,5,10,5,60.0,5.293406111197537,0.3,magtrack,mcc,10,2,0.07739379711263783,0.012144862669421622,0.997312681188695,1.0,0.006111919267603185,4.2,0.0,253471.0,683.2,0.06913867394748255,0.012146817847824272,0.9937909578952387,0.8,0.006124058196493605,1.8,0.0,46792.6,292.8,47087.2,0.04103563242297346,0.010281123126684385,0.0030627165978013874,3.270900689333556e-05,0.0,0.0015500808280985105,1.077032961426901,0.0,6474.449613673736,25.206348406701036,0.036138376272230426,0.00729317224992521,0.00016901269292831145,0.4,0.003689904392896734,1.077032961426901,0.0,2803.073748583865,25.20634840670104,2828.174987514033,0.0071943784858774845,0.1664565068939058,1.072,0.4377
all_coloc_first10_5s_window5_10Hz.pkl,ddtw,1,333,782,305371,5,10,5,10.0,3.093690342232775,0.3,magtrack,mcc,10,2,0.07675239866318995,0.01619037459608643,0.997212967100873,0.8038095238095238,0.00821540082020073,6.8,3.2,297104.8,827.4,0.05251002357128791,0.0099885397735567,0.9935151727109671,0.5833333333333333,0.00504713718731232,1.8,1.6,55002.2,358.0,55363.6,0.0741760900919541,0.010752397788004034,0.006548133656805636,3.648313848307762e-05,0.21355336347774553,0.00337352067080138,2.7129319932501077,3.709447398198282,7276.743678322055,31.139043016765946,0.030583582985946642,0.005903430891592037,0.00020728118054267068,0.38908725099762503,0.0029914491253974435,1.077032961426901,1.7435595774162693,3120.8476348581967,29.826163011691598,3151.462999941455,0.015280298092109686,1.2407416603849015,1.147,0.0758
all_coloc_first10_5s_window50_60Hz.pkl,ddtw,1,333,722,260281,5,10,50,60.0,2.2542468649459177,0.3,magtrack,mcc,10,2,0.081410758388767,0.015006890596261577,0.9973135145714664,0.937142857142857,0.0075822787107018615,5.2,0.8,253470.2,682.2,0.06769439516469725,0.014655764818540534,0.9937590784154153,0.6888888888888889,0.007462042829541385,2.2,2.0,46790.6,292.4,47087.2,0.08097701912071298,0.014270787804721323,0.005904206954896057,3.554039621493625e-05,0.13570676670900478,0.003017231741022987,2.0396078054371136,1.8330302779823362,6474.181057091314,25.494313091354314,0.037504674350170256,0.009268280466017098,0.00022007973969288494,0.41810861604948396,0.004759069359879326,1.4,4.1952353926806065,2801.115356425008,25.088642848906755,2828.174987514033,0.016409210207991184,1.2232419069898368,1.054,0.454
all_coloc_first60_5s_window1_40Hz.pkl,ddtw,1,321,756,285390,5,60,1,40.0,19.87261583589116,0.3,magtrack,mcc,10,2,0.0745262388403945,0.011306741008447186,0.9971214853551414,1.0,0.005687883591308668,4.6,0.0,277899.0,802.4,0.047757698110926394,0.007741740727001079,0.9931925719111099,0.6,0.003898194435296833,1.4,0.0,51249.0,351.6,51602.0,0.07870293566832241,0.010832440560403256,0.0030542814276154594,2.727443547633557e-05,0.0,0.0015436541230018153,1.2806248474865698,0.0,5556.718258108827,23.303218661807215,0.03988436958013338,0.0069655041741582815,0.00014567981117698223,0.48989794855663565,0.0035129517237835767,1.2806248474865698,0.0,2363.6612701484955,23.303218661807215,2387.2043900763924,0.019026509236572984,4.753569606231858,0.857,3.9344
all_coloc_first10_5s_window1_20Hz.pkl,ddtw,1,326,768,294528,5,10,1,20.0,3.648883606150341,0.3,magtrack,mcc,10,2,0.07535800031397703,0.0124689110682394,0.9971426249030422,0.9625,0.006288384660505017,5.2,0.6,287242.0,822.6,0.043832316121769174,0.00789996799304939,0.9933737384200517,0.5166666666666667,0.003993795456921747,1.4,1.0,52708.4,350.8,53061.6,0.061932110361928916,0.01162863229381791,0.004865975215108184,2.3530982601658998e-05,0.1125,0.0024892252836930663,2.039607805437114,1.8000000000000003,5250.25599375878,20.08083663595718,0.03968611807809948,0.007109184661011053,0.0001483651951877924,0.4856267428111155,0.0035927374347177656,1.2806248474865698,3.0,2189.2118764523457,19.903768487399564,2208.3731206478674,0.00788560952503073,1.4383959207180534,1.216,0.1527
all_coloc_first60_5s_window10_40Hz.pkl,ddtw,1,328,770,296065,5,60,10,40.0,15.45005032288367,0.3,magtrack,mcc,10,2,0.0734216193274438,0.01100006831680986,0.9971696007755911,1.0,0.005532916248927413,4.6,0.0,292091.0,829.2,0.04942704804132984,0.008350056261820966,0.9934798463501625,0.6,0.0042081299839688315,1.4,0.0,51580.0,338.8,51920.2,0.08241991585524126,0.011248934316294822,0.0031147286772497244,2.1198621357035868e-05,0.0,0.001573726641365248,1.2806248474865698,0.0,5666.557632284348,21.729242968865712,0.04168819274397237,0.007841262695435355,0.00012547138434893283,0.48989794855663565,0.003961849061848602,1.2806248474865698,0.0,2372.8681379292866,21.729242968865712,2393.992890549176,0.012516708158046543,1.578813598955945,0.891,4.2062
all_coloc_first60_5s_window1_10Hz.pkl,ddtw,1,321,756,285390,5,60,1,10.0,12.239717478579653,0.3,magtrack,mcc,10,2,0.0745262388403945,0.011306741008447186,0.9971214853551414,1.0,0.005687883591308668,4.6,0.0,277899.0,802.4,0.047757698110926394,0.007741740727001079,0.9931925719111099,0.6,0.003898194435296833,1.4,0.0,51249.0,351.6,51602.0,0.1289908843887335,0.010832440560403256,0.0030542814276154594,2.727443547633557e-05,0.0,0.0015436541230018153,1.2806248474865698,0.0,5556.718258108827,23.303218661807215,0.03988436958013338,0.0069655041741582815,0.00014567981117698223,0.48989794855663565,0.0035129517237835767,1.2806248474865698,0.0,2363.6612701484955,23.303218661807215,2387.2043900763924,0.023770909039072505,0.6380815179469639,0.732,0.4824
all_coloc_first10_5s_window1_40Hz.pkl,ddtw,1,326,768,294528,5,10,1,40.0,5.5400704206199,0.3,magtrack,mcc,10,2,0.07363345075663269,0.011054142262166245,0.9971426249030422,1.0,0.005560229320699192,4.6,0.0,287242.6,823.2,0.04835546768483119,0.007930329907064448,0.9933925601780039,0.6,0.003993795456921747,1.4,0.0,52709.4,350.8,53061.6,0.04031759396692565,0.01106616251159414,0.003098896814922395,2.3530982601658998e-05,0.0,0.0015659829964939289,1.2806248474865698,0.0,5250.228875011069,19.903768487399564,0.04036342387838645,0.007122438379370398,0.00012936808242782334,0.48989794855663565,0.0035927374347177656,1.2806248474865698,0.0,2189.2393290821356,19.903768487399564,2208.3731206478674,0.005920202804536291,0.020131792812384884,1.15,0.3142
all_coloc_first60_5s_window5_40Hz.pkl,ddtw,1,328,770,296065,5,60,5,40.0,17.738634055156588,0.3,magtrack,mcc,10,2,0.0734216193274438,0.01100006831680986,0.9971696007755911,1.0,0.005532916248927413,4.6,0.0,292091.0,829.2,0.04942704804132984,0.008350056261820966,0.9934798463501625,0.6,0.0042081299839688315,1.4,0.0,51580.0,338.8,51920.2,0.06760791641165328,0.011248934316294822,0.0031147286772497244,2.1198621357035868e-05,0.0,0.001573726641365248,1.2806248474865698,0.0,5666.557632284348,21.729242968865712,0.04168819274397237,0.007841262695435355,0.00012547138434893283,0.48989794855663565,0.003961849061848602,1.2806248474865698,0.0,2372.8681379292866,21.729242968865712,2393.992890549176,0.01092640495113838,3.017177909368039,0.885,4.0995
all_coloc_first60_5s_window150_40Hz.pkl,ddtw,1,327,768,294528,5,60,150,40.0,7.98721971524007,0.3,magtrack,mcc,10,2,0.08484492557513419,0.014568424175201756,0.9971842610064865,1.0,0.007341097839714072,6.0,0.0,287032.0,810.6,0.04797622260278346,0.007825111850916706,0.9933434763101776,0.6,0.0039407538457650725,1.4,0.0,52791.2,354.0,53146.6,0.22560168833635466,0.011034955140532272,0.0036673360386542554,2.7140832736090358e-05,0.0,0.0018605561753623828,1.5491933384829668,0.0,4359.653472467737,19.121715404220406,0.0401607182147728,0.007117567535720556,0.0001501666435715013,0.48989794855663565,0.003590999109678047,1.2806248474865698,0.0,1852.6819910605275,19.411336893681487,1871.5768859440427,0.0207692448536731,2.2392190726051084,0.873,4.1018
all_coloc_first60_5s_window50_40Hz.pkl,ddtw,1,328,770,296065,5,60,50,40.0,12.699596533254667,0.3,magtrack,mcc,10,2,0.07555703466060337,0.012415038261360757,0.9971702828526523,0.95,0.006253515899054271,5.2,0.4,292090.6,828.6,0.046125633061262786,0.008337142621788684,0.9934684533607154,0.5333333333333334,0.0042081299839688315,1.4,0.6,51579.4,338.8,51920.2,0.13149564543022457,0.012842640965726907,0.0038411203822434755,2.1290084680890234e-05,0.09999999999999999,0.001944905219638862,1.6,0.8000000000000002,5666.612607193119,21.78164364780583,0.040838352934875324,0.00783628686587732,0.00012764267502576,0.4760952285695233,0.003961849061848602,1.2806248474865698,1.2806248474865698,2372.6795063809186,21.729242968865712,2393.992890549176,0.011151241150764588,5.367829927002153,0.869,4.2012
all_coloc_first60_5s_window10_10Hz.pkl,ddtw,1,328,770,296065,5,60,10,10.0,11.676130302137652,0.3,magtrack,mcc,10,2,0.0734216193274438,0.01100006831680986,0.9971696007755911,1.0,0.005532916248927413,4.6,0.0,292091.0,829.2,0.04942704804132984,0.008350056261820966,0.9934798463501625,0.6,0.0042081299839688315,1.4,0.0,51580.0,338.8,51920.2,0.11943811930242325,0.011248934316294822,0.0031147286772497244,2.1198621357035868e-05,0.0,0.001573726641365248,1.2806248474865698,0.0,5666.557632284348,21.729242968865712,0.04168819274397237,0.007841262695435355,0.00012547138434893283,0.48989794855663565,0.003961849061848602,1.2806248474865698,0.0,2372.8681379292866,21.729242968865712,2393.992890549176,0.013057427121762461,0.7598349216216063,0.806,0.4939
all_coloc_first10_5s_window50_40Hz.pkl,ddtw,1,333,782,305371,5,10,50,40.0,2.569419576858172,0.3,magtrack,mcc,10,2,0.07564086995656542,0.017430621033045098,0.9972020705235597,0.7779840848806365,0.008941665037336498,7.4,7.0,297101.0,826.8,0.061421270689410244,0.012689267544445923,0.9935053332192139,0.6974358974358974,0.006496412549631162,2.4,2.8,55001.0,357.4,55363.6,0.09141403970119494,0.01123832428714286,0.008844253802870388,4.562760238389023e-05,0.258961857536838,0.004711312389409375,3.8000000000000003,13.03073290340954,7278.789363623597,31.39681512510465,0.031151286417299966,0.009855010999525106,0.00023662384114175278,0.40926161441494924,0.005217819171466841,2.1540659228538015,5.6,3118.769148237811,28.77568417952908,3151.462999941455,0.018770456240195257,1.088080962211856,1.208,0.321
all_coloc_first10_5s_window5_40Hz.pkl,ddtw,1,333,782,305371,5,10,5,40.0,5.294266722549736,0.3,magtrack,mcc,10,2,0.07200709036376467,0.01099771135617349,0.9972156503839479,0.975,0.005534868809419178,4.6,0.2,297107.8,829.6,0.05838492723577754,0.010001063235650108,0.9935010351331999,0.7166666666666667,0.00504713718731232,1.8,2.4,55001.4,358.0,55363.6,0.04728917847990026,0.012101647259020576,0.003832446826915162,3.538881403532187e-05,0.075,0.001941981401553966,1.5620499351813308,0.6000000000000001,7275.88243170545,30.14365604899313,0.03435592103782559,0.005926932654367558,0.00023352395142463644,0.4349329450233296,0.0029914491253974435,1.077032961426901,4.882622246293481,3120.562135257044,29.826163011691598,3151.462999941455,0.007618032832899245,2.0984889231688215,1.183,0.3212
all_coloc_first60_5s_window100_40Hz.pkl,ddtw,1,327,768,294528,5,60,100,40.0,9.614304788034355,0.3,magtrack,mcc,10,2,0.08078298173665494,0.013574990836136305,0.9971821783210935,0.975,0.006838534514209615,5.6,0.2,287031.8,811.0,0.04339542319712576,0.007811070805897639,0.99333570449554,0.5,0.0039407538457650725,1.4,0.4,52790.8,354.0,53146.6,0.18802523053965808,0.010826618204999906,0.003435233090237136,2.6427772154413535e-05,0.075,0.0017422267799571455,1.4966629547095764,0.6000000000000001,4359.259244412977,18.681541692269406,0.03782361883367347,0.007109511632361727,0.00014114869109161686,0.4472135954999579,0.003590999109678047,1.2806248474865698,0.8,1853.0228708788243,19.411336893681487,1871.5768859440427,0.013656367235967453,3.6297544435277604,0.882,4.0505
all_coloc_first30_5s_window1_20Hz.pkl,ddtw,1,324,761,289180,5,30,1,20.0,18.29496352393392,0.3,magtrack,mcc,10,2,0.08832386027125352,0.017366830601477423,0.9971323784651605,0.9233333333333335,0.008776303438188322,7.2,0.8,283916.0,815.8,0.05073735757770429,0.013501108818431626,0.9933254993009282,0.45583333333333337,0.006934964108401441,2.4,3.8,50923.0,338.6,51267.8,0.06571584282343677,0.01232825118495808,0.005043890189693238,2.6029960891824667e-05,0.09433981132056601,0.002572504790746201,2.039607805437114,0.9797958971132713,3541.2346999316496,17.23832938541319,0.029973425464757432,0.00959291515104594,0.00017337112512068353,0.37899813104200575,0.005007763191859874,1.7435595774162693,3.944616584663204,1487.4835797413025,15.389606882568508,1505.5092028944891,0.012479201389324368,4.601401986178746,1.039,0.4894
all_coloc_first10_5s_window10_20Hz.pkl,ddtw,1,333,782,305371,5,10,10,20.0,3.8489765845017616,0.3,magtrack,mcc,10,2,0.07784772489260203,0.013915011144347941,0.997216386152186,0.9175000000000001,0.007024669270052285,5.8,1.2,297106.8,828.4,0.05558767642180258,0.009997195273434888,0.9935157856661039,0.65,0.00504713718731232,1.8,1.6,55002.2,358.0,55363.6,0.06236581947397792,0.017004404638772935,0.0053188367748438275,4.021610857124556e-05,0.19041074024329613,0.0027049803176555564,2.08806130178211,2.9933259094191533,7276.232387712751,31.276828483719385,0.034304843955202016,0.005927813489748626,0.00021818817866437422,0.4358898943540674,0.0029914491253974435,1.077032961426901,2.4979991993593593,3120.209794228587,29.826163011691598,3151.462999941455,0.010314127651002621,1.6636729016162646,1.273,0.1563
all_coloc_first30_5s_window10_20Hz.pkl,ddtw,1,331,775,299925,5,30,10,20.0,14.314774211461398,0.3,magtrack,mcc,10,2,0.07729658314292774,0.01755612830383029,0.9972077133761965,0.764621212121212,0.008928077762362416,7.4,4.2,293071.4,816.6,0.05797739719609033,0.012164619215103555,0.9934286142730062,0.6222222222222222,0.006197738719587529,2.2,2.0,53448.8,351.8,53804.8,0.07257061053286346,0.011736282861579636,0.0070238743731968695,3.270393918155718e-05,0.21100356263230766,0.003622332079049224,3.104834939252004,4.331281565541543,5653.330773977408,21.615735009478627,0.032279516268054115,0.007642927538890188,0.00015766381723372888,0.4096068575814836,0.003949420069246504,1.4,4.1952353926806065,2409.200066412086,23.003477997902838,2430.5466381042766,0.013591210386216145,4.442778283984946,1.09,0.5129
all_coloc_first10_5s_window5_20Hz.pkl,ddtw,1,333,782,305371,5,10,5,20.0,4.10605151805386,0.3,magtrack,mcc,10,2,0.07359959251026164,0.01150383106454887,0.9972163426506366,0.975,0.005791279065829434,4.8,0.2,297107.8,829.4,0.05517055580868228,0.009992269407713987,0.9935052609886045,0.645,0.00504713718731232,1.8,2.2,55001.6,358.0,55363.6,0.06077616755249413,0.012863767726896536,0.00402329983888897,3.6014028029783035e-05,0.075,0.002038249803818757,1.6,0.6000000000000001,7275.97028306191,30.503114595070453,0.034605510280224176,0.005927870920583833,0.00022925299267038856,0.4407096549884062,0.0029914491253974435,1.077032961426901,3.4000000000000004,3119.8894595802585,29.826163011691598,3151.462999941455,0.010194788851609652,1.7640901148838448,1.273,0.1567
all_coloc_first10_5s_window50_20Hz.pkl,ddtw,1,333,782,305371,5,10,50,20.0,2.101631146878327,0.3,magtrack,mcc,10,2,0.07866813839583335,0.013310766451477326,0.9972183126729025,0.9416666666666667,0.006705914385581204,5.6,0.4,297107.6,828.6,0.06281287407644878,0.010025942570874271,0.9935429312089605,0.8,0.00504713718731232,1.8,0.0,55003.8,358.0,55363.6,0.10608962729037649,0.012639234424644884,0.003492358383797489,3.3830829057616205e-05,0.11814539065631523,0.0017702895476412457,1.4966629547095764,0.8000000000000002,7275.5951399181085,29.476092006912996,0.03269915980498472,0.00592677780231477,0.00018455358708022675,0.4,0.0029914491253974435,1.077032961426901,0.0,3122.056303143811,29.826163011691598,3151.462999941455,0.01946315278026859,0.5482920795609116,1.403,0.1532
all_coloc_first10_5s_window150_40Hz.pkl,ddtw,1,332,780,303810,5,10,150,40.0,1.2373084925572626,0.3,magtrack,mcc,10,2,0.0773879113631213,0.01859272929059345,0.9971253095792383,0.8193018018018018,0.01033074436303388,8.6,27.8,295543.2,824.2,0.04105131781010913,0.011232599151392568,0.993402947897656,0.4189583333333333,0.006057906780166286,2.2,6.8,54703.6,357.0,55069.6,0.13618613197571097,0.00883842420748452,0.012397502166961569,0.00024717301286384963,0.2779904884179314,0.008975018287401193,7.378346698278687,79.42518492266794,6227.002180825056,28.33301960610623,0.029568437177788693,0.012641589485275094,0.0003107865003888289,0.4086886740437844,0.007433228060070682,2.749545416973504,15.929846201391902,2639.1651407215877,27.177196323388475,2667.3304707141183,0.023591055790083987,0.803835860185265,1.286,0.329
all_coloc_first10_5s_window100_40Hz.pkl,ddtw,1,332,780,303810,5,10,100,40.0,1.6818537496173946,0.3,magtrack,mcc,10,2,0.07951179680843748,0.017872092824936316,0.9972031125218482,0.7856565656565657,0.009089488926098281,7.6,4.0,295567.0,825.2,0.045665573976800225,0.009786007992584632,0.9934854614125175,0.4833333333333333,0.004976825699085205,1.8,1.8,54708.6,357.4,55069.6,0.12049525640082362,0.009452493991690692,0.007216561717308955,3.697975899478718e-05,0.220665715100082,0.0037392555194905547,3.1999999999999997,4.2895221179054435,6212.778975627573,26.460536653665965,0.03240964480403985,0.00877559147204007,0.00019701562650397574,0.3905124837953327,0.004520272973645985,1.661324772583615,2.08806130178211,2640.5828220300154,27.247752200869705,2667.3304707141183,0.02101766175624149,0.8827268563394617,1.291,0.3351
all_coloc_first30_5s_window1_10Hz.pkl,ddtw,1,324,761,289180,5,30,1,10.0,12.585578981975416,0.3,magtrack,mcc,10,2,0.08569183403349696,0.01688149759042159,0.997130973107345,0.9016666666666667,0.00853299443575523,7.0,1.0,283915.8,816.0,0.03972916893459771,0.008078848101646031,0.9933406907788569,0.4333333333333334,0.004101843807211901,1.4,2.0,50924.8,339.6,51267.8,0.10761462946569071,0.013313038513389197,0.00549921468970866,2.634999511009405e-05,0.10067825540359303,0.002805231784307546,2.23606797749979,1.0,3541.181435622863,17.25108692227826,0.033866796327416626,0.007286805888429337,0.00016447177521166766,0.4163331998932266,0.0037313644712326875,1.2806248474865698,2.6832815729997477,1488.9193933856864,16.119553343687908,1505.5092028944891,0.016138484469966546,3.644565263627126,1.131,0.2148
all_coloc_first10_5s_window10_40Hz.pkl,ddtw,1,333,782,305371,5,10,10,40.0,3.2264193538998227,0.3,magtrack,mcc,10,2,0.07026732828593492,0.010030293926397094,0.9972149758021885,1.0,0.005042150362817236,4.2,0.0,297108.0,830.0,0.06281287407644878,0.010025942570874271,0.9935429312089605,0.8,0.00504713718731232,1.8,0.0,55003.8,358.0,55363.6,0.0569888124796082,0.00951948501935914,0.0026067664963906768,3.483123406743176e-05,0.0,0.0013167866637176326,1.077032961426901,0.0,7275.63495510873,29.826163011691598,0.03269915980498472,0.00592677780231477,0.00018455358708022675,0.4,0.0029914491253974435,1.077032961426901,0.0,3122.056303143811,29.826163011691598,3151.462999941455,0.010692728040641428,0.2411640584788918,1.284,0.3301
all_coloc_first900_5s_window5_60Hz.pkl,ddtw,1,78,88,3828,5,900,5,60.0,5335.389049218061,0.3,magtrack,mcc,10,2,0.03446723480246357,0.01859387746202593,0.6710660983942317,0.010089010941043832,0.5263888888888889,7.2,1231.8,2561.6,7.2,-0.014936663282338208,0.008302448491259056,0.6837232751145795,0.0042308981758251395,0.25,1.6,204.6,430.8,4.0,641.0,0.17791934151449648,0.008800184399324886,0.009458320226075798,0.2790486434068323,0.005701701853125893,0.35374157495529396,4.48998886412873,1048.3615597683845,1098.5695426326001,5.528109984434102,0.02273395101996969,0.008682941724276066,0.2777432938404633,0.004419259773450528,0.31622776601683794,1.9595917942265426,187.61460497519911,171.01391756228497,2.1908902300206643,54.415071441651165,0.10556788288349593,5061.4766071756385,0.125,1.2188
all_coloc_first30_5s_window10_10Hz.pkl,ddtw,1,331,775,299925,5,30,10,10.0,8.86062841940361,0.3,magtrack,mcc,10,2,0.07550793096336421,0.012053329014560004,0.9972130687094098,0.975,0.006068929316589206,5.0,0.2,293075.4,819.0,0.051996321606950294,0.008932055240168036,0.9934403697694936,0.6333333333333333,0.004504897434895123,1.6,0.8,53450.0,352.4,53804.8,0.10469261407703094,0.012579390158545463,0.003846650706322095,2.9096460967618562e-05,0.075,0.001948184773308317,1.61245154965971,0.6000000000000001,5656.425871519929,23.15599274485981,0.0369151397604733,0.006732094556328749,0.00014648122392446253,0.45825756949558405,0.003401203749982657,1.2000000000000002,1.6000000000000003,2408.5814912516453,23.06165648863932,2430.5466381042766,0.01969596388526425,3.3542545869785876,1.158,0.2225
all_coloc_first30_5s_window5_10Hz.pkl,ddtw,1,331,775,299925,5,30,5,10.0,11.100480745062658,0.3,magtrack,mcc,10,2,0.08015062171544302,0.015312243468050416,0.9972138015392484,0.9029761904761905,0.007742648873825869,6.4,1.4,293074.2,817.6,0.04988725450855698,0.008927030114539896,0.9934368830191451,0.5833333333333333,0.004504897434895123,1.6,1.0,53449.8,352.4,53804.8,0.09979006380202253,0.015752708800635087,0.006157308263353266,3.311119897823665e-05,0.1606051216556957,0.0031427797006065884,2.65329983228432,2.3748684174075834,5654.768568208606,22.44638055455712,0.03637787915617341,0.0067312767163015715,0.00015402222607097625,0.4425306015783918,0.003401203749982657,1.2000000000000002,1.61245154965971,2408.2897583139784,23.06165648863932,2430.5466381042766,0.01988701589248435,3.8632382571079003,1.158,0.2217
all_coloc_first900_5s_window1_60Hz.pkl,ddtw,1,76,86,3655,5,900,1,60.0,12011.21524196043,0.3,magtrack,mcc,10,2,0.03151958804479012,0.012439026475945646,0.5593809235513537,0.006292624373604944,0.6816666666666665,9.6,1568.2,1972.6,4.6,0.006665090739405512,0.017451983437623685,0.5894731858734856,0.009040744068993913,0.36666666666666664,2.6,261.4,380.8,3.2,648.0,0.10599933773210515,0.00776013418263725,0.0019197353563051355,0.1861143593655536,0.0009953049183162137,0.22082624170361484,3.6660605559646715,680.5335847700685,647.3459971298194,2.973213749463701,0.022418048795732094,0.013512254250810011,0.18376522488804625,0.007097222400970007,0.27938424357067015,2.2,126.07949872996798,140.3686574702487,2.5612496949731396,88.4805063276652,0.07445107927680523,7073.386764256052,0.121,1.0971
all_coloc_first900_5s_window50_60Hz.pkl,ddtw,1,78,88,3828,5,900,50,60.0,1293.9997028742753,0.3,magtrack,mcc,10,2,0.04260454630791477,0.01746662898062842,0.7089768053352137,0.008953072599172374,0.5694444444444444,8.0,1098.8,2694.6,6.4,-0.007968503419415346,0.01250680352777395,0.6911283289978941,0.006458675651058901,0.275,1.6,196.2,439.2,4.0,641.0,0.1738404126487398,0.012672823586222737,0.005735947226986405,0.21668475594859163,0.003126336446338537,0.2091650066335189,2.6832815729997477,821.5006755931488,840.5912443036747,3.555277766926235,0.02896391792583664,0.010493758678730966,0.23502628566877562,0.00544381891444312,0.3051638903933426,1.7435595774162693,155.29700576637015,151.73977725039668,2.3664319132398464,54.415071441651165,0.0775805621693184,945.0337683117813,0.132,1.2053
all_coloc_first300_5s_window10_10Hz.pkl,ddtw,1,279,669,223446,5,300,10,10.0,54.96850713326059,0.3,magtrack,mcc,10,2,0.06386759736901153,0.009790278833692816,0.9788428120960775,0.9005921155144652,0.035740878270365435,26.0,3827.8,213348.2,711.4,0.016736638690094015,0.005167841222561709,0.9735065272377362,0.15138751238850348,0.03499829062783895,11.6,796.2,39375.8,309.0,40492.6,0.13299163329742764,0.01684358288109363,0.002226171954024907,0.053372908312344945,0.2982236534566042,0.09277584520693546,67.33795363686069,11483.399999999998,13127.359321661,72.69690502352903,0.027449255363634937,0.008699342138113523,0.055736121931423986,0.3195325851914061,0.10081453836040896,33.475961524652284,2387.933407781716,2181.3794626336794,33.24154027718932,1357.2711004069895,0.016114892526856925,123.48539949255296,0.626,3.8523
all_coloc_first300_5s_window5_10Hz.pkl,ddtw,1,279,669,223446,5,300,5,10.0,49.61551612951304,0.3,magtrack,mcc,10,2,0.0638770546650001,0.010041620469569681,0.9884937802783632,0.9007358768255406,0.022242255680833746,16.2,1753.6,215422.4,721.2,0.017057023506134993,0.005937346839857786,0.9846218480996827,0.15189139719341063,0.019938049663983527,6.6,321.8,39850.2,314.0,40492.6,0.1292406519148416,0.016819160064977832,0.002538849390204221,0.024420013764855905,0.29779236952337823,0.052284838348937136,37.94153397004396,5260.799999999999,7180.396746698611,44.34591300221476,0.027656287442109306,0.01068059941587453,0.022390496048975354,0.3193192404038097,0.055658852060915205,18.483506160899235,964.7335176099149,1274.570500207815,20.97617696340303,1357.2711004069895,0.015189494349879176,106.02470463608104,0.629,3.9413
all_coloc_first300_5s_window1_10Hz.pkl,ddtw,1,274,659,216811,5,300,1,10.0,12.259810663398133,0.3,magtrack,mcc,10,2,0.06728837935970312,0.009225370842003915,0.9965597994657285,1.0,0.00463553032814854,3.4,0.0,210876.2,728.0,0.02328445656410378,0.0036221095977193537,0.991942775507025,0.3,0.0018220554252858941,0.6,0.0,38895.0,316.0,39211.6,0.14738576096121686,0.009583771537377201,0.002408912901757906,1.5310046568147458e-05,0.0,0.0012143768216264226,0.9165151389911681,0.0,2566.7634795594236,11.384199576606166,0.03556826616717569,0.005533275334941317,8.469528316876434e-05,0.45825756949558405,0.002783445160131368,0.9165151389911681,0.0,1096.9405635675982,11.384199576606166,1108.6719262252473,0.023172573809143816,6.930684784530993,0.615,3.8557
all_coloc_first600_5s_window10_60Hz.pkl,ddtw,1,136,167,13861,5,600,10,60.0,3758.033684361983,0.3,magtrack,mcc,10,2,0.024973224976269387,0.015289472002637874,0.7356232545626091,0.007978612053750524,0.38484981684981684,17.0,3482.6,9886.0,27.8,0.007252019560677099,0.02069802302730918,0.7045565715160542,0.011826943082334984,0.3077167277167277,6.8,744.6,1758.0,14.4,2523.8,0.15286670628662608,0.011570155613740226,0.006307005712236105,0.3043977056108232,0.003405311777148518,0.28071628726812764,11.840608092492547,4013.019317172545,4144.364173187487,13.098091464026353,0.024931447788210714,0.015928829805083214,0.3449891311880526,0.010272498962235343,0.33031303058712996,8.109253973085316,916.4719526532169,890.8701364396496,8.039900496896712,201.24701240018447,0.04247643481833924,6483.01381128474,0.06,3.0505
all_coloc_first600_5s_window50_60Hz.pkl,ddtw,1,136,167,13861,5,600,50,60.0,1779.1150151465747,0.3,magtrack,mcc,10,2,0.016431590054460453,0.010163090369988397,0.6990793362942123,0.005177537985298632,0.4111683871683872,18.2,3983.4,9385.2,26.6,0.013688384209661095,0.020131054915463895,0.6815876610348306,0.010438966819498527,0.3825851925851926,8.2,797.8,1704.8,13.0,2523.8,0.11737799701524121,0.006919687340890555,0.0022201061952998296,0.24523731013761382,0.00114861665443053,0.2271375248690076,9.399999999999999,3210.2766298249126,3333.2280090026843,10.697663296253065,0.019081463603530125,0.006895092957508703,0.2429528570323713,0.003610094907083583,0.24902344603969898,6.095900261651268,652.4504272356636,638.5979642936547,6.276941930590086,201.24701240018447,0.03420864506502512,3245.1015026578452,0.06,3.0312
all_coloc_first600_5s_window5_60Hz.pkl,ddtw,1,136,167,13861,5,600,5,60.0,3828.599742644625,0.3,magtrack,mcc,10,2,0.018871350617815426,0.013776680668761934,0.7909194175465921,0.007358408875432614,0.2931761016761017,13.0,2759.8,10608.8,31.8,-0.0018342564703643285,0.014450710564812818,0.7693305179651454,0.007949354028084315,0.21670024420024422,4.8,566.8,1935.8,16.4,2523.8,0.1683350050091418,0.008438496358719568,0.004631762755412185,0.2910002968992349,0.0026701910063183735,0.2851339404815929,12.336936410632909,3863.2381702400903,3926.3275665690453,13.340164916521836,0.02502997222138418,0.014884031095690831,0.3088462798105163,0.008335725134901831,0.3085633567168853,7.222188034107115,803.0368360168792,816.3457355802136,7.578918128598566,201.24701240018447,0.057369279474781494,6297.513336176348,0.055,2.9737
all_coloc_first600_5s_window1_60Hz.pkl,ddtw,1,133,164,13366,5,600,1,60.0,5916.737733958801,0.3,magtrack,mcc,10,2,0.030294012140673687,0.016462165294567722,0.7685500829074864,0.008597711795457843,0.39026991327274,16.0,2866.6,9865.6,27.2,-0.007420717024169321,0.015055754833989205,0.7374630640481079,0.00814908296115581,0.23297619047619045,6.2,668.6,1815.0,16.6,2506.4,0.09990845158767422,0.012212168189977836,0.005948005766524001,0.26890387635785384,0.0032233696483576395,0.26228025883109335,9.16515138991168,3303.795883525494,3566.169799659012,12.967652061957864,0.030605205825797288,0.016722110121115182,0.31163305351175996,0.009328838755677535,0.3087444629852271,9.228217596047461,858.9677758798639,803.1534100033442,8.101851640211638,258.88035846699535,0.03723830560718897,6712.644480571001,0.129,2.9957
all_coloc_first600_5s_window150_60Hz.pkl,ddtw,1,136,167,13861,5,600,150,60.0,363.4935778203138,0.3,magtrack,mcc,10,2,0.02324159929698023,0.010943577835657383,0.6486341980203296,0.0055470331995941015,0.5202849372849373,23.2,4671.2,8697.4,21.6,0.012295424515067677,0.019918679558951404,0.6518210908514623,0.010381600352834922,0.4002755577755578,8.6,873.8,1628.8,12.6,2523.8,0.17620148421476028,0.005622822990433183,0.0023343299377822898,0.21662095658825312,0.001207319309587514,0.2060162583429734,9.431860898041277,2880.973752049817,2985.7094366331094,9.911609354691093,0.021410825635619298,0.008607840854446283,0.24706949649007195,0.00460333528225318,0.25467038272248815,6.32771680782255,663.9321953332284,645.9840245702676,6.452906321960671,201.24701240018447,0.05952470339023542,74.68873835378498,0.061,3.0083
all_coloc_first900_5s_window1_40Hz.pkl,ddtw,1,174,427,90951,5,900,1,40.0,845.1654433847168,0.3,magtrack,mcc,10,2,0.048787847715317675,0.010894598792548203,0.9594709506685666,0.7028375355115463,0.05477831344070516,26.6,3107.6,85993.0,467.6,0.007913965318838858,0.01130501084139814,0.9431123969825975,0.006480508972912096,0.06871774687308667,15.0,752.6,15106.8,192.8,16067.2,0.1541922477992748,0.022343053612038134,0.004817326110115549,0.06889610670667637,0.4539247655651643,0.08707508477353884,41.96236408974118,6066.086105554388,7196.7469456692725,49.44330086068284,0.012161515932434839,0.017323389273216087,0.08980903581930176,0.010010446841143838,0.130103745149627,28.778464170278443,1554.2694875728596,1493.5555429912877,27.23527124887872,953.4540156714428,0.02169960229854871,1283.7226866626213,0.229,20.7034
all_coloc_first900_5s_window10_40Hz.pkl,ddtw,1,178,435,94395,5,900,10,40.0,454.7819801369932,0.3,magtrack,mcc,10,2,0.04926035820336045,0.011039224176270027,0.9725359303492496,0.7029488062142873,0.04440388270135039,21.8,2057.4,90975.8,478.6,0.01012203046365898,0.0131092529048147,0.9593317333737856,0.007565328111733843,0.054858475865735404,12.2,496.8,15748.8,197.4,16455.2,0.11848881570400241,0.020740241691246795,0.004791546429865052,0.03400901746030141,0.4537531994492155,0.062084671962661445,30.36379422931199,3159.1583752638935,4829.875315160838,40.7828395284095,0.015565221539359358,0.02013626102251355,0.04592443715528887,0.011714001970554095,0.08619810224127424,19.50282030886815,825.9836317990812,1032.4588902227536,19.960961900670018,1149.3129077844728,0.012878389373257122,626.9342380112711,0.236,20.9864
all_coloc_first900_5s_window150_40Hz.pkl,ddtw,1,178,435,94395,5,900,150,40.0,104.08551738742365,0.3,magtrack,mcc,10,2,0.04894923737852562,0.010935720682006225,0.9725636281990022,0.7029048499076371,0.04295415728294035,21.2,2067.0,90966.2,479.2,0.006559851818916512,0.010879579426923492,0.9613135354592798,0.006239509553291252,0.043427927184733,9.6,456.0,15789.6,200.0,16455.2,0.15665138953286123,0.021222204515073406,0.004676958788516844,0.0350758238730175,0.45382053520320303,0.06051288726903168,30.029319006597532,3305.5346617453583,4682.142026893247,38.99948717611554,0.010035787922706199,0.016624566980283136,0.04056088751731262,0.009543332508559502,0.06696398708106698,14.987995196156154,718.3553438236539,1047.3004535471184,18.373894524569362,1149.3129077844728,0.016981500864000753,129.22551409417295,0.239,21.3295
all_coloc_first900_5s_window50_40Hz.pkl,ddtw,1,178,435,94395,5,900,50,40.0,253.90779759175024,0.3,magtrack,mcc,10,2,0.04805454949795396,0.009920920089725418,0.9453487335148868,0.7022635234104836,0.07359167920172367,36.2,4586.8,88446.4,464.2,0.007662041080627438,0.010647069518841932,0.9326209505370011,0.005698444322488985,0.08264816953564687,18.2,957.6,15288.0,191.4,16455.2,0.12825500514417204,0.022586564247133203,0.003093188648251867,0.07569271714560089,0.4547999945521716,0.1066236139174739,52.53912827598113,7062.930677841883,8253.224959977766,60.74504094985861,0.012083324020920083,0.016338598808029594,0.08504852122904524,0.008755580727548918,0.1265651048630172,28.106227068036006,1504.5673929738077,1444.4268067299222,26.80373108356372,1149.3129077844728,0.018136995226257096,343.90473432989114,0.236,21.6448
all_coloc_first900_5s_window100_40Hz.pkl,ddtw,1,178,435,94395,5,900,100,40.0,140.89032947204544,0.3,magtrack,mcc,10,2,0.04828809678141992,0.010598372260287927,0.962720443006609,0.7027828857330619,0.051570782300301765,25.0,2928.2,90105.0,475.4,0.005604480393115464,0.010345196486993807,0.9495249609021268,0.006520365476422985,0.05194687345322555,11.8,677.8,15567.8,197.8,16455.2,0.17676187245575473,0.022223613882285654,0.004269472010045793,0.06983991682661148,0.4540074132723771,0.09558451300268943,45.7230795113365,6355.545449448064,7930.879308122146,56.6183715767241,0.008955799158282924,0.015977081837665514,0.08441796550354527,0.010493162177823158,0.1042105481258754,24.140422531513405,1526.5436646227975,1418.5241485431259,22.529092303064502,1149.3129077844728,0.020632309056732766,189.87667856313308,0.233,21.6734
all_coloc_first900_5s_window100_60Hz.pkl,ddtw,1,78,88,3828,5,900,100,60.0,533.6201778634313,0.3,magtrack,mcc,10,2,0.04774056774271636,0.023693811120711932,0.8240610808927837,0.012883135586203237,0.4462301587301587,6.2,659.2,3134.2,8.2,-0.014963106815125476,0.008431185277120582,0.8136164994425865,0.004395468185513953,0.125,0.8,117.2,518.2,4.8,641.0,0.235710050686141,0.011929837356161975,0.009413316450152276,0.12124796743748875,0.006202985024065122,0.23183817001268348,3.026549190084311,463.3108675608635,494.3111975264165,3.944616584663204,0.02323146971447683,0.010762896169846369,0.11617908772676452,0.005641795578104067,0.16770509831248423,0.9797958971132712,78.24678907150121,68.83284099904638,1.8330302779823358,54.415071441651165,0.10281425849822765,143.11299764507618,0.047,1.1805
all_coloc_first60_5s_window150_60Hz.pkl,ddtw,1,321,579,167331,5,60,150,60.0,8.224038579752857,0.3,magtrack,mcc,10,2,0.11188844235060873,0.027950288736099255,0.9975720932913769,0.9099999999999999,0.014220106704608531,5.8,0.8,165899.4,403.0,0.06986734886548335,0.016422880214517353,0.9942795574646915,0.6,0.008335684525640038,1.4,0.0,28809.0,165.8,28976.2,0.20728226923559195,0.011183938143195626,0.0069159716886506625,2.7372106086786127e-05,0.11135528725660043,0.00359544179042532,1.4,0.9797958971132713,2353.815804178398,8.729261137118078,0.058365728838869445,0.014800996038547681,0.0001415959267895821,0.48989794855663565,0.007539775374976308,1.2806248474865698,0.0,985.2614881339877,8.072174428244226,992.213061796709,0.018365662753821496,2.6539976491621964,0.628,3.5291
all_coloc_first60_5s_window10_60Hz.pkl,ddtw,1,322,581,168490,5,60,10,60.0,19.57974481577036,0.3,magtrack,mcc,10,2,0.10519533359689048,0.02244942961491548,0.9975664701704318,1.0,0.011363027011786242,4.6,0.0,164777.0,402.0,0.07005598189615071,0.01656324278987298,0.994364757854016,0.6,0.008410215733420143,1.4,0.0,29988.2,170.0,30159.6,0.07355860733422301,0.016411838547711662,0.006491326574320025,2.461167502779601e-05,0.0,0.00331689720199539,1.2806248474865698,0.0,3865.542575111546,10.99090533122727,0.05878193284587967,0.015204325668619055,0.00012543544000789697,0.48989794855663565,0.00775387109430994,1.2806248474865698,0.0,1665.2479575126342,10.99090533122727,1674.8425119992626,0.014347583784991697,1.82953516368333,0.627,3.5896
all_coloc_first300_5s_window10_20Hz.pkl,ddtw,1,279,669,223446,5,300,10,20.0,72.41764098123768,0.3,magtrack,mcc,10,2,0.063694701142052,0.00969548966618511,0.9746147867017454,0.9005419029615627,0.039873109675324106,29.0,4735.2,212440.8,708.4,0.0164122179671779,0.004887990188135607,0.96652097194529,0.1512285456187895,0.04222720629048955,14.0,1093.6,39078.4,306.6,40492.6,0.09326156967096223,0.01729220067876033,0.0021654632258572694,0.0660569828758957,0.2983742911153119,0.1051717997014715,76.3374089159437,14205.6,15795.888685351008,81.52447485264777,0.027272550017451984,0.00802231699169581,0.07669272603095066,0.3196013457941005,0.12249582623593368,40.67431622043572,3280.1333875316714,2964.5978884158976,39.8,1357.2711004069895,0.012992272283717608,167.38818245960587,0.728,8.1075
all_coloc_first900_5s_window5_40Hz.pkl,ddtw,1,178,435,94395,5,900,5,40.0,537.6273495201435,0.3,magtrack,mcc,10,2,0.04864639262661715,0.01088891895614138,0.9752570388157746,0.7029026112004904,0.03823539995859444,18.8,1806.6,91226.6,481.6,0.01015532696455794,0.01334663816195964,0.9622974275731011,0.007811885161080101,0.05056325505508809,11.2,443.2,15802.4,198.4,16455.2,0.11770910036829063,0.02168779495926299,0.004607731634350468,0.03027901812777331,0.4538239571276746,0.05272202085378232,25.86426105652354,2819.8079438146137,4482.747822485668,36.45051439966246,0.015702771514979546,0.02054519359790635,0.04119973810989201,0.012134346409971568,0.07926299339206637,17.803370467414307,737.4720062483727,1032.0324801090323,19.530488985173925,1149.3129077844728,0.011312344550306433,743.4136216453027,0.564,21.381
all_coloc_first60_5s_window1_60Hz.pkl,ddtw,1,315,569,161596,5,60,1,60.0,28.36211977728243,0.3,magtrack,mcc,10,2,0.10578211088994713,0.022655105982279794,0.9975180775702326,1.0,0.011467894833269475,4.6,0.0,159325.4,396.6,0.07034324249274657,0.016525158211432724,0.9941914898076203,0.6,0.008383468384656506,1.4,0.0,28238.2,165.4,28405.0,0.09563321513043281,0.015798919255739716,0.006389623574709541,3.87528879853366e-05,0.0,0.0032673950606795666,1.2806248474865698,0.0,5435.837602430742,18.82657695918193,0.0581972440202062,0.014252461510751385,0.00021681312820826424,0.48989794855663565,0.007243795438887388,1.2806248474865698,0.0,2290.264866778513,18.826576959181935,2308.9610217584877,0.014702563512596453,4.736358593126791,0.572,3.42
all_coloc_first900_5s_window10_60Hz.pkl,ddtw,1,78,88,3828,5,900,10,60.0,3012.7126470508056,0.3,magtrack,mcc,10,2,0.042533080802838304,0.01863014033496876,0.686886662385737,0.009966113991249225,0.5978174603174603,8.4,1179.8,2613.6,6.0,0.006585630259325367,0.015970093437572785,0.7238181592964202,0.008205295406727587,0.31666666666666665,1.8,174.4,461.0,3.8,641.0,0.160675103284901,0.009208991797215361,0.009536836211096432,0.17358227699778409,0.0060273781439371624,0.2719890742297895,3.4409301068170506,647.8823658659032,689.4460384975753,4.09878030638384,0.03533598224519282,0.0128787539968973,0.14082649475923512,0.006632705062493936,0.23804761428476168,1.4000000000000001,94.18619856433321,94.26027795418386,2.08806130178211,54.415071441651165,0.08412417386437251,1001.2422181115597,0.05,1.1841
all_coloc_first900_5s_window150_60Hz.pkl,ddtw,1,78,88,3828,5,900,150,60.0,395.45785636536795,0.3,magtrack,mcc,10,2,0.03923787421300831,0.019243127177773725,0.7735005991203109,0.010222544920589292,0.4656746031746032,6.6,855.6,2937.8,7.8,-0.025342459664758323,0.005392733644943885,0.7571560758082498,0.00276078655706207,0.125,0.8,152.6,482.8,4.8,641.0,0.19454311506197694,0.008788772062980121,0.005841790082021961,0.16780185799712843,0.0035650459526384687,0.274955976342908,3.903844259188627,645.5693920873263,646.4737891051733,4.237924020083418,0.026981039713222306,0.00901890803824784,0.1708659458548289,0.004625675658507544,0.20155644370746376,1.32664991614216,115.26682089829666,111.59283131097625,2.039607805437114,54.415071441651165,0.08094494520592528,125.69257051281515,0.05,1.2002
all_coloc_first60_5s_window5_60Hz.pkl,ddtw,1,322,581,168490,5,60,5,60.0,23.390159213735206,0.3,magtrack,mcc,10,2,0.10519533359689048,0.02244942961491548,0.9975664701704318,1.0,0.011363027011786242,4.6,0.0,164777.0,402.0,0.07005598189615071,0.01656324278987298,0.994364757854016,0.6,0.008410215733420143,1.4,0.0,29988.2,170.0,30159.6,0.06681969373505012,0.016411838547711662,0.006491326574320025,2.461167502779601e-05,0.0,0.00331689720199539,1.2806248474865698,0.0,3865.542575111546,10.99090533122727,0.05878193284587967,0.015204325668619055,0.00012543544000789697,0.48989794855663565,0.00775387109430994,1.2806248474865698,0.0,1665.2479575126342,10.99090533122727,1674.8425119992626,0.014704117727962675,2.832690496545319,0.894,3.5521
all_coloc_first300_5s_window5_60Hz.pkl,ddtw,1,214,303,45753,5,300,5,60.0,380.1117737293803,0.3,magtrack,mcc,10,2,0.09288394494549188,0.025888671954010456,0.9474547085493228,0.7033033316794826,0.08954026045948209,11.4,2232.2,42294.8,117.6,0.013370645023888508,0.011603905940152946,0.9416493732817175,0.008196256803156263,0.09710648148148147,5.6,425.2,7752.6,51.4,8234.8,0.12360287003602106,0.04880001750193283,0.008833469266940487,0.0987141568533113,0.45324127626848126,0.1447083690666053,18.309560344257314,4430.142792281079,4562.84842614786,20.11566553708825,0.021495014746781057,0.021036667784643245,0.10203576710863578,0.01704406519962971,0.17592931435577003,10.268398122394748,840.1757911294517,1021.9131274232658,11.31547612785251,529.5070915483569,0.035230951056122145,428.2254776341302,0.214,5.1784
all_coloc_first300_5s_window100_60Hz.pkl,ddtw,1,213,302,45451,5,300,100,60.0,76.56284123287368,0.3,magtrack,mcc,10,2,0.09535504121238755,0.028410337025303038,0.9739150030160261,0.708410304556581,0.056186242817020296,7.2,1034.4,43116.6,121.8,0.012428874033095666,0.011244607244607244,0.9669494819643122,0.009690650201612904,0.061954022988505754,3.6,217.6,7945.6,53.4,8220.2,0.1658462037454253,0.044516178529966505,0.007181279485717333,0.06646425694648407,0.44555903500497096,0.10277484220267821,13.151425778218876,2958.3338283567664,3287.248825385751,15.759441614473527,0.019434698093887072,0.017548229548229547,0.0723971161433699,0.01678115739220018,0.15330459500802548,8.890444308357146,601.2212903748502,867.2221399387818,11.663618649458668,619.3909589265894,0.044462225126141584,76.46427194979553,0.208,4.9549
all_coloc_first600_5s_window100_60Hz.pkl,ddtw,1,136,167,13861,5,600,100,60.0,556.632952162138,0.3,magtrack,mcc,10,2,0.022444007622876672,0.010883493480277293,0.607791489756262,0.005532612243685594,0.551594239094239,24.4,5198.4,8170.2,20.4,0.01065063881825381,0.01815626798611489,0.5700412583675625,0.009535727524805955,0.4740959040959041,10.6,1091.4,1411.2,10.6,2523.8,0.19697242340568752,0.005296352747678647,0.0029886293779656276,0.24131407156527437,0.0015684625969791953,0.24779215540596972,10.983624174196784,3198.147688897434,3382.002536959427,12.289833196589774,0.02433120633081565,0.011611035921869241,0.2804357702726303,0.006584343498535246,0.34764894566969273,8.534635317340747,755.7830641129768,708.4383953457069,7.4859869088851605,201.24701240018447,0.06075626729219835,152.036190236815,0.091,3.0806
all_coloc_first300_5s_window10_60Hz.pkl,ddtw,1,214,303,45753,5,300,10,60.0,256.28354683994934,0.3,magtrack,mcc,10,2,0.09376479578588083,0.026656022409926955,0.971771234041334,0.7039569399423473,0.06204398624189637,8.0,1147.2,43379.8,121.0,0.012232704393760072,0.011601643420703248,0.960771587271849,0.00800450114363296,0.06840277777777777,3.8,265.0,7912.8,53.2,8234.8,0.12196943872814163,0.047446931048962956,0.007754389407210003,0.05682175197115907,0.45224873032929025,0.09600562688427604,12.521980673998822,2574.4739579183943,2730.5646961755,13.805795884337853,0.02015239281835432,0.020368987057789584,0.07206051287536723,0.015839903387564237,0.13494442228740497,7.4,586.3031639007247,835.0632071885337,9.927738916792686,529.5070915483569,0.036515438272227065,258.1207743911676,0.203,4.9853
all_coloc_first300_5s_window150_60Hz.pkl,ddtw,1,213,302,45451,5,300,150,60.0,58.93807003803996,0.3,magtrack,mcc,10,2,0.09446760342807138,0.02706271409796664,0.9795855950782746,0.7032983681581121,0.05650866345194092,7.2,779.2,43371.8,121.8,0.015090115980918906,0.013560031818635803,0.9756051757250376,0.008312223701577531,0.057816091954022986,3.4,148.0,8015.2,53.6,8220.2,0.16399850652666523,0.04576340591944793,0.007447005950670014,0.033133116517081354,0.45323241260091185,0.07046826630265297,8.908422980528035,1467.9921525675811,2137.9800653888237,12.851459061133875,0.02328521658779199,0.021513656095195514,0.03164577373631877,0.013843690491367086,0.09485934682331697,5.589275444992849,267.1344230906979,657.6997491256933,9.156418513807678,619.3909589265894,0.05602518646034282,56.862265336414154,0.32,5.0432
all_coloc_first300_5s_window1_60Hz.pkl,ddtw,1,211,299,44551,5,300,1,60.0,361.1041514947257,0.3,magtrack,mcc,10,2,0.09585269850098417,0.029427966001564537,0.9856796547216815,0.7056026251501046,0.04151695221012617,5.2,494.2,42903.6,122.0,0.030179988501289112,0.01767412256773959,0.9879967187729435,0.10863711001642036,0.021291383701188455,1.2,42.6,7904.0,55.6,8003.4,0.1720629268181641,0.045791492356096725,0.006617361430717802,0.030854208644953644,0.4497337704016886,0.058421412697452435,7.110555533852471,1323.0293874287147,2083.1882872174565,10.954451150103322,0.06777239527798753,0.03139402762019818,0.014050898172990413,0.2977939711304957,0.039828054213843576,2.4,118.76043112080723,559.308144049414,7.472616676907761,581.3384900382908,0.0493671525806814,366.8488687201836,0.201,4.9047
all_coloc_first60_5s_window50_60Hz.pkl,ddtw,1,322,581,168490,5,60,50,60.0,10.12762046188846,0.3,magtrack,mcc,10,2,0.10519533359689048,0.02244942961491548,0.9975664701704318,1.0,0.011363027011786242,4.6,0.0,164777.0,402.0,0.07005598189615071,0.01656324278987298,0.994364757854016,0.6,0.008410215733420143,1.4,0.0,29988.2,170.0,30159.6,0.130360676763847,0.016411838547711662,0.006491326574320025,2.461167502779601e-05,0.0,0.00331689720199539,1.2806248474865698,0.0,3865.542575111546,10.99090533122727,0.05878193284587967,0.015204325668619055,0.00012543544000789697,0.48989794855663565,0.00775387109430994,1.2806248474865698,0.0,1665.2479575126342,10.99090533122727,1674.8425119992626,0.018988794148908812,1.2596711966498013,0.745,3.5072
all_coloc_first300_5s_window50_60Hz.pkl,ddtw,1,214,303,45753,5,300,50,60.0,115.24038232896967,0.3,magtrack,mcc,10,2,0.09415346167580531,0.027285576572797444,0.9740257212089215,0.707216534009511,0.05366475558896651,7.0,1049.0,43478.0,122.0,0.0141757161896785,0.01511418879693921,0.9643987699103256,0.01301485586224405,0.05532407407407407,3.0,232.8,7945.0,54.0,8234.8,0.13594398776721067,0.04686130163788663,0.006667509508417594,0.06665765702128283,0.44735604053058686,0.1038133568759685,13.718600511714014,3023.3205916673805,3108.458267373072,14.226735395022992,0.023913902069164147,0.026380477781244666,0.08107595641865678,0.02406295124430238,0.12092309884109541,6.526867548832288,656.2342264771017,899.3056210210186,9.674709297958259,529.5070915483569,0.057287673908707634,114.86183157037884,0.345,5.0471
all_coloc_first300_5s_window50_20Hz.pkl,ddtw,1,279,669,223446,5,300,50,20.0,36.717716049148535,0.3,magtrack,mcc,10,2,0.06404761030244702,0.010016851246235865,0.9863489129067139,0.9007170386304562,0.02637448708579243,19.2,2215.4,214960.6,718.2,0.017758669995842937,0.006304725161587667,0.9844892409483684,0.152089552238806,0.0223476882182004,7.4,328.2,39843.8,313.2,40492.6,0.14126857969942372,0.01638089652079948,0.0024996839532356215,0.03085461203563078,0.29784888410863136,0.06467939811387413,46.939961653158605,6646.2,8470.227909566544,52.903308025113134,0.02821895067928311,0.011669000756862967,0.022788307678240114,0.3192372634661977,0.06288134486609843,20.881570822138837,983.9335140140314,1280.5668900920405,22.71915491386068,1357.2711004069895,0.01844187485109618,78.56827338920908,0.794,8.3138
all_coloc_first300_5s_window1_20Hz.pkl,ddtw,1,274,659,216811,5,300,1,20.0,15.661035730635865,0.3,magtrack,mcc,10,2,0.06728837935970312,0.009225370842003915,0.9965597994657285,1.0,0.00463553032814854,3.4,0.0,210876.2,728.0,0.02328445656410378,0.0036221095977193537,0.991942775507025,0.3,0.0018220554252858941,0.6,0.0,38895.0,316.0,39211.6,0.1040283394778283,0.009583771537377201,0.002408912901757906,1.5310046568147458e-05,0.0,0.0012143768216264226,0.9165151389911681,0.0,2566.7634795594236,11.384199576606166,0.03556826616717569,0.005533275334941317,8.469528316876434e-05,0.45825756949558405,0.002783445160131368,0.9165151389911681,0.0,1096.9405635675982,11.384199576606166,1108.6719262252473,0.021784008467785117,8.999570127996359,0.766,7.9385
all_coloc_first300_5s_window100_40Hz.pkl,ddtw,1,278,667,222111,5,300,100,40.0,30.339743845121582,0.3,magtrack,mcc,10,2,0.06389549431096345,0.009826674003148416,0.981295212550231,0.9006952697884479,0.036134098203696466,26.6,3342.2,216257.4,723.4,0.01853701231065122,0.0051173823961493375,0.9777569814561249,0.20134998312521094,0.026131226660541303,8.4,584.6,37774.2,297.6,38664.8,0.17412126642279152,0.015039081505087181,0.0024197580524389405,0.04594715049319947,0.2979141906346565,0.09422808130354857,69.13783334759631,10026.6,11689.181187747925,76.0213128010823,0.031594691493898604,0.008489921681553037,0.043066836593811254,0.39934497472719105,0.07414875581194721,23.87969849055888,1753.8,1831.1789535706225,24.029981273400942,1448.846492903924,0.021481230926761286,64.0810554672153,0.794,16.4915
all_coloc_first300_5s_window10_40Hz.pkl,ddtw,1,279,669,223446,5,300,10,40.0,60.69516010389452,0.3,magtrack,mcc,10,2,0.06382994399599852,0.010491715570714585,0.9941149409751178,0.9010549290651145,0.012324900308932924,9.0,544.0,216632.0,728.4,0.016230398451471083,0.006020711722401015,0.9894998968801705,0.15226876090750435,0.009094676170007625,3.0,112.2,40059.8,317.6,40492.6,0.11460041358299285,0.01694094216769755,0.0034576393804294503,0.00755657281085998,0.29683521280465625,0.022547472123239612,16.35236985883086,1632.0,4108.330755915351,25.104581255221127,0.027188252947697163,0.0109029731978332,0.007757411458268293,0.31916406002594877,0.023207182322088942,7.707139547199077,335.9338625384467,1237.0165560735231,15.48676854608475,1357.2711004069895,0.016192942636767946,127.47423511460141,1.245,16.4426
all_coloc_first300_5s_window5_40Hz.pkl,ddtw,1,279,669,223446,5,300,5,40.0,75.16452312829757,0.3,magtrack,mcc,10,2,0.06386815668075553,0.010362608395790483,0.9930509222005158,0.9009479887266206,0.014528757058244215,10.6,773.2,216402.8,726.8,0.01682264569835095,0.006223374025324513,0.9879749146400568,0.1522002200220022,0.013311543639887144,4.4,178.0,39994.0,316.2,40492.6,0.10562380487160763,0.016842138152596803,0.003162581433079733,0.010748611444099762,0.29715603382013833,0.029153183569953882,21.148049555455465,2319.6000000000004,4628.959727627796,29.09570415026933,0.027501687748186548,0.011448342047935925,0.012331755508405541,0.31919195275994394,0.03581036417925045,11.892854997854805,533.3336666665625,1214.3564550822794,17.028211884986632,1357.2711004069895,0.01706032002099663,164.4365250915309,0.844,16.4786
all_coloc_first300_5s_window1_40Hz.pkl,ddtw,1,274,659,216811,5,300,1,40.0,20.465727390487192,0.3,magtrack,mcc,10,2,0.06728837935970312,0.009225370842003915,0.9965597994657285,1.0,0.00463553032814854,3.4,0.0,210876.2,728.0,0.02328445656410378,0.0036221095977193537,0.991942775507025,0.3,0.0018220554252858941,0.6,0.0,38895.0,316.0,39211.6,0.14077970035297732,0.009583771537377201,0.002408912901757906,1.5310046568147458e-05,0.0,0.0012143768216264226,0.9165151389911681,0.0,2566.7634795594236,11.384199576606166,0.03556826616717569,0.005533275334941317,8.469528316876434e-05,0.45825756949558405,0.002783445160131368,0.9165151389911681,0.0,1096.9405635675982,11.384199576606166,1108.6719262252473,0.018481370266571324,11.7067934150838,0.983,16.1028
all_coloc_first300_5s_window5_20Hz.pkl,ddtw,1,279,669,223446,5,300,5,20.0,63.912005413427075,0.3,magtrack,mcc,10,2,0.063738429835528,0.010034848695740162,0.9895007646546781,0.9007364341085271,0.020038398931522452,14.6,1536.6,215639.4,722.8,0.01602215437464336,0.005334116577244611,0.9841008914338053,0.15155083285468124,0.01752841110976666,5.8,343.0,39829.0,314.8,40492.6,0.08757592449814385,0.01717836407280991,0.0025279850956179285,0.02139906323817073,0.2977906976744186,0.045674880186550824,33.14272167459999,4609.8,6587.721369335531,39.86176112516856,0.027104871447825755,0.00911441769252877,0.023953329326924084,0.3194626674378151,0.04843827553313511,16.086018774078315,1028.3335062128433,1295.4175388653653,19.374209661299737,1357.2711004069895,0.012777183445409318,138.5626396429194,0.836,8.2756
all_coloc_first300_5s_window50_40Hz.pkl,ddtw,1,279,669,223446,5,300,50,40.0,39.69134887929345,0.3,magtrack,mcc,10,2,0.06394599165076556,0.009996468704695494,0.9867275839117349,0.9007073715562175,0.025272558711136782,18.4,2133.6,215042.4,719.0,0.01642034940244111,0.005439693458988002,0.9825474933755529,0.1515857760691975,0.021142868941091963,7.0,409.8,39762.2,313.6,40492.6,0.13154373663071664,0.01664151354671098,0.0024686666364387815,0.029718599578244183,0.29787788533134774,0.06137409787429887,44.5403188134077,6400.8,8239.495217548221,50.60632371551998,0.027276568732620212,0.009382206192543612,0.02861343782300395,0.3194478037972957,0.05926990270820086,19.682479518597244,1228.7334780171002,1378.3429036346508,21.832086478392302,1357.2711004069895,0.014549468065633652,86.745990475546,0.826,16.4107
all_coloc_first600_5s_window10_10Hz.pkl,ddtw,1,231,562,157641,5,600,10,10.0,189.69073303778256,0.3,magtrack,mcc,10,2,0.04863686862916131,0.007426854492730438,0.9406049701167559,0.8012451378850212,0.08660185100930035,55.2,8639.6,146833.2,586.0,0.005174832691815944,0.005210606905324653,0.9293625760545371,0.002689253424547542,0.08670422535211267,23.4,1729.4,25538.6,241.4,27532.8,0.1407257945698785,0.014199545027285251,0.0024492595842070205,0.11229972305946256,0.39750976918874953,0.1680445658263819,106.77527803756824,17496.299604202028,18065.52777418916,109.69412017059072,0.010351818869952793,0.010424290788006114,0.1258494518065631,0.005381112037432468,0.17649805095713753,48.332597695551186,3599.086334057576,3535.8382372501155,48.07535751297124,1064.9939718139253,0.017258481982412723,325.7874952148936,0.546,5.6729
all_coloc_first300_5s_window150_40Hz.pkl,ddtw,1,278,667,222111,5,300,150,40.0,23.83329588683169,0.3,magtrack,mcc,10,2,0.06379546555636262,0.009768327567437712,0.9798849028912713,0.9006642709354242,0.03749649602385995,27.6,3648.8,215950.8,722.4,0.01930625019828248,0.00540839182418801,0.977309220262095,0.20150081566068517,0.029857934735075458,9.6,603.8,37755.0,296.4,38664.8,0.16949217272850062,0.015289950598990187,0.0023333544849799643,0.05017807888463526,0.29800718719372754,0.09831503569251149,72.13764620501559,10946.4,12576.2545203252,78.96226947093149,0.031850120410952,0.00920689891525472,0.04441011269217174,0.399274273857648,0.08532318951512965,27.477991192952953,1811.4,1870.8913918236942,26.90427475328038,1448.846492903924,0.02826598719131544,49.149839129496684,1.045,16.8138
all_coloc_first900_5s_window1_10Hz.pkl,ddtw,1,174,427,90951,5,900,1,10.0,344.578147947037,0.3,magtrack,mcc,10,2,0.05009778265294836,0.010853386708739416,0.9461100168646135,0.7027298412406809,0.07932364730503545,38.6,4313.0,84787.6,455.6,0.008507939593693779,0.011162897722340845,0.9304864323065551,0.0061238275630464455,0.08680938219773172,18.8,960.0,14899.4,189.0,16067.2,0.14518418833673863,0.020204111916177225,0.0044868258384358276,0.08403590752234533,0.45408818514857413,0.12254108038147761,59.35014743031394,7444.061969113369,8427.729032188921,65.81063743803124,0.01308907075011471,0.017088060655596385,0.10641856075874297,0.009414886436923795,0.15476200468335166,33.955264687526736,1829.5710972793595,1769.154159478478,32.36355975476122,953.4540156714428,0.028229228671336194,488.0063022884041,0.322,4.9453
all_coloc_first600_5s_window1_10Hz.pkl,ddtw,1,226,552,152076,5,600,1,10.0,193.6480124800827,0.3,magtrack,mcc,10,2,0.05014188408990742,0.007823125864088763,0.9440657416060102,0.8013753793952256,0.0884326189110769,55.0,7724.6,140128.4,568.8,0.007476195853957213,0.006272653615642165,0.9402732088929898,0.0032598329564179455,0.08398337595907929,23.0,1397.0,25808.0,249.2,27477.2,0.15068468182304304,0.012766233916703546,0.0028663639212921765,0.10380255365901804,0.3972492475515141,0.17074076782551964,106.15931424043771,15498.964663486397,15998.377312715187,108.85660292329537,0.0149666847913523,0.012564779275671378,0.10043517360059066,0.006531731645833544,0.16845345098001163,46.1063986882515,2817.327137554317,3149.3219587714434,49.26824535134167,1519.3901934657865,0.020056422944067558,333.7780374883669,0.719,5.5258
all_coloc_first900_5s_window1_20Hz.pkl,ddtw,1,174,427,90951,5,900,1,20.0,444.25161157270486,0.3,magtrack,mcc,10,2,0.049995886695886525,0.01125094937058198,0.9681806648061071,0.7029910510392038,0.051600296714301344,25.2,2360.8,86739.8,469.0,0.013375822946964575,0.014543324893238013,0.9547234487506217,0.008128046746851216,0.07156914195749146,15.4,548.6,15310.8,192.4,16067.2,0.10423554710972385,0.020352009752553874,0.0049653192289167754,0.0403388970585602,0.4536887493600062,0.07314555360081451,35.73457709278228,3624.1999061861916,4692.417070124948,42.391036788453285,0.021000456232530957,0.022297846973904138,0.05089745560626715,0.012441891079729785,0.11370670805908265,24.593495074917676,866.7936547991109,1080.513655628655,24.556872765073326,953.4540156714428,0.016793156633764558,621.9830453741822,0.358,10.1135
all_coloc_first900_5s_window5_10Hz.pkl,ddtw,1,178,435,94395,5,900,5,10.0,312.03831714539893,0.3,magtrack,mcc,10,2,0.04997359841660424,0.010963958863198882,0.9625766538751991,0.7028478923402426,0.06101689627363464,30.0,2989.0,90044.2,470.4,0.010547917721140249,0.012518208939621902,0.9462846071910741,0.006882032732988752,0.07473051751636144,16.6,725.0,15520.6,193.0,16455.2,0.1454339418888352,0.019659711401658012,0.004682029325007333,0.04919923278504691,0.45390736068434756,0.08735551275446389,42.96044692504956,4594.3777162963,5988.791293742002,51.86752355761744,0.01612194639947115,0.01915712003189923,0.0660063802048962,0.010559293542466076,0.11729439452245767,26.473382859015203,1180.7161386209643,1202.6288039124956,24.645486402179202,1149.3129077844728,0.017263844827468813,422.4263021265909,0.362,5.1315
all_coloc_first600_5s_window50_40Hz.pkl,ddtw,1,231,562,157641,5,600,50,40.0,139.73330449399847,0.3,magtrack,mcc,10,2,0.04819146202755134,0.007461500158792307,0.9523074078804037,0.8012680398847142,0.06962181022818514,44.4,6810.6,148662.2,596.8,0.004377671135669345,0.005134374504652758,0.9434471553302647,0.0026704149963440154,0.06734084507042254,18.2,1326.8,25941.2,246.6,27532.8,0.14076452120654384,0.015124641878204847,0.0025469696694897536,0.08873935420889752,0.39746401725505653,0.13358282485113673,84.96964163746955,13821.082563967268,14445.86566322697,88.0327211893396,0.009149969038990905,0.010308074875890194,0.09514287987731648,0.00535892648151644,0.1377551632966184,37.82538829939489,2707.677262895266,2727.4738788850023,38.15809219549636,1064.9939718139253,0.006635141772137983,235.63375935956014,0.6,23.9924
all_coloc_first900_5s_window50_20Hz.pkl,ddtw,1,178,435,94395,5,900,50,20.0,211.82727174008832,0.3,magtrack,mcc,10,2,0.048524666314051924,0.010386811107295538,0.9573008977966457,0.7025603293303394,0.06058989368895436,29.6,3452.0,89581.2,470.8,0.006410291902545227,0.010345645187504342,0.9440036034605811,0.005754839219814685,0.06426561440173055,14.4,768.0,15477.6,195.2,16455.2,0.12655350860949338,0.021864501842533114,0.0038670762259984427,0.0671754322965261,0.454346864569096,0.09714970716143137,46.93655291987259,6155.959259124446,7622.081563457584,56.82393861745242,0.010201052554265245,0.015880964111383983,0.07805351784836033,0.008876127905686986,0.11216009902957796,25.73402417034693,1407.3643451501819,1328.5492237775761,23.95328787452779,1149.3129077844728,0.013539352699056355,285.46739123948015,0.353,10.715
all_coloc_first900_5s_window10_10Hz.pkl,ddtw,1,178,435,94395,5,900,10,10.0,301.84018236800887,0.3,magtrack,mcc,10,2,0.05008008191053224,0.01097103361860731,0.961684375215975,0.7028473021778651,0.06273568967716595,30.8,3067.8,89965.4,469.6,0.01054308168975274,0.012390226475727453,0.9454817914679129,0.006804840672847067,0.07620396340904509,17.0,740.2,15505.4,192.6,16455.2,0.14071305373628007,0.019502817247693344,0.004692187765489166,0.0504000230669555,0.453908256973685,0.08992581883181794,44.056327581858206,4690.210779911709,6144.533638934691,53.32766636559301,0.01623124739213426,0.018927282678753113,0.0679998341503391,0.010402185943108357,0.12226582885033337,27.759682995308143,1218.6288852640905,1216.8119164439506,25.23568901377571,1149.3129077844728,0.013860668003624474,408.1564742418682,0.357,5.1983
all_coloc_first600_5s_window10_40Hz.pkl,ddtw,1,231,562,157641,5,600,10,40.0,262.2742363343063,0.3,magtrack,mcc,10,2,0.0485377072637253,0.007772346672482959,0.9675979371826567,0.8014392197301421,0.05282998997879294,33.8,4438.0,151034.8,607.4,0.006292861092582673,0.006253786977771932,0.9584389187226231,0.003309723526934509,0.05668169014084508,15.2,900.8,26367.2,249.6,27532.8,0.11976289917389757,0.014409337092880517,0.003126950927432101,0.05661655314074277,0.3971215898463325,0.09953442326706388,63.789967863293356,8878.362957212326,9428.107432565668,66.30263946480561,0.012884505060395016,0.01259201613297195,0.06391352034048886,0.006665922311874889,0.11369517835264063,30.727186659373814,1802.2473082238187,1988.2640066148158,32.72674747053242,1064.9939718139253,0.014696741192503115,454.6410341788189,0.582,24.6826
all_coloc_first600_5s_window5_10Hz.pkl,ddtw,1,231,562,157641,5,600,5,10.0,186.0143658943031,0.3,magtrack,mcc,10,2,0.04884946427816263,0.007572886705509414,0.9505511352031114,0.8013228274735633,0.0763791233800948,48.8,7100.6,148372.2,592.4,0.005630838681311236,0.005533464633020753,0.942277431526018,0.0028741670155867697,0.07425352112676056,20.0,1358.2,25909.8,244.8,27532.8,0.13657343587865806,0.013781847170136552,0.002729085207404464,0.0908412363235537,0.39735437211089086,0.14653014781079807,93.61709245645262,14210.852530372695,14699.021231360952,95.94081508930388,0.011628778413395734,0.011114738643146617,0.09665335388018546,0.005771902817210788,0.15026648021556152,40.98780306383839,2740.624520068373,2785.659053078822,41.44586831036358,1064.9939718139253,0.015250191475387585,316.53542807590054,0.605,5.8388
all_coloc_first900_5s_window5_20Hz.pkl,ddtw,1,178,435,94395,5,900,5,20.0,413.0320369233885,0.3,magtrack,mcc,10,2,0.04932191267257749,0.011002994430756665,0.9673174247815434,0.7029357513363428,0.050976906701333036,25.0,2536.4,90496.8,475.4,0.00911412787565961,0.012101397665492461,0.9489854157479707,0.006905344040293297,0.0653275037122587,14.6,679.4,15566.2,195.0,16455.2,0.11058878760951449,0.020648696540602012,0.004831332382934215,0.04853651274792605,0.45377359114516225,0.07853457310681819,38.254411510308195,4476.896228415397,5969.792237590853,47.86689879238052,0.01392465342990854,0.018571045955682687,0.07310416168285992,0.01068641019366708,0.11449434855230457,26.0161488310626,1307.0997054547904,1320.9970325477648,24.547912334860577,1149.3129077844728,0.020126679162326414,574.4624701810137,0.365,10.3953
all_coloc_first600_5s_window150_40Hz.pkl,ddtw,1,231,562,157641,5,600,150,40.0,55.83449891929156,0.3,magtrack,mcc,10,2,0.04923827662890885,0.008752853049358845,0.9845701196978414,0.8020239498348068,0.031005231136349204,19.8,1781.0,153691.8,621.4,0.0038238102424243492,0.005818616644839058,0.9783214692653006,0.003366377361163324,0.02195492957746479,5.8,338.8,26929.2,259.0,27532.8,0.18322153397398036,0.012986519876640209,0.005073776609251164,0.02269512745084169,0.39595210652155083,0.05582513783110061,35.60280887795231,3563.576546112066,4572.067317964598,40.18009457430383,0.007720536830016681,0.011640826482420583,0.02441626071433531,0.00673275555588676,0.044659919647620935,11.677328461596,682.156111165179,1225.6812636244383,19.82422760159901,1064.9939718139253,0.015021110540727757,81.48928072049625,0.585,23.8299
all_coloc_first600_5s_window100_40Hz.pkl,ddtw,1,231,562,157641,5,600,100,40.0,92.74706059456658,0.3,magtrack,mcc,10,2,0.04893035391296586,0.007671354744416624,0.9564065522283884,0.8013763578212266,0.06967670788327102,44.6,6193.2,149279.6,596.6,0.005764482671674407,0.0058089730481089685,0.9493508418378267,0.003040746263252657,0.06580281690140846,17.6,1151.4,26116.6,247.2,27532.8,0.17728606448162254,0.013636147134779073,0.0029221219027101186,0.07904731815917418,0.39724730488664145,0.1334411594926226,85.62266055198238,12403.315917930979,12831.026608966251,87.47136674363789,0.012168437881520309,0.011776024411351697,0.08262326786739663,0.006170397046156259,0.13166735963229903,35.38135101999357,2309.0292419109815,2475.8378056730617,37.172032497564615,1064.9939718139253,0.01805026884578589,150.12534552698395,0.592,24.3223
all_coloc_first600_5s_window5_40Hz.pkl,ddtw,1,231,562,157641,5,600,5,40.0,306.1233398829737,0.3,magtrack,mcc,10,2,0.04823374746867655,0.007757211902676651,0.9710676868288219,0.8014370304774776,0.04656577540738677,29.8,3893.4,151579.4,611.4,0.00725449781070663,0.006915156625813314,0.9638442557027126,0.003699698856620219,0.05287323943661972,14.2,750.2,26517.8,250.6,27532.8,0.1013002620535682,0.015031462931187062,0.003109443969547298,0.04967640940431826,0.3971259953939803,0.08704295152142144,55.81720164967069,7787.473431094323,8391.001706590221,58.522132565380765,0.014894070773056677,0.01395153199358059,0.05309735987333691,0.007466273024798093,0.1063064443348643,28.822907556317073,1501.4079925190222,1735.6461505733246,30.906957145600728,1064.9939718139253,0.014557075279179058,532.0277921915919,0.587,24.0617
all_coloc_first600_5s_window5_20Hz.pkl,ddtw,1,231,562,157641,5,600,5,20.0,247.91254296505886,0.3,magtrack,mcc,10,2,0.04791432107309483,0.007432113748259429,0.955457816865534,0.8012554212825387,0.0640673439118178,40.8,6313.8,149159.0,600.4,0.004953290124912681,0.005379372890565806,0.945674073206737,0.002807148330996085,0.06714929577464789,18.2,1268.8,25999.2,246.6,27532.8,0.10330783561762354,0.015646558935961067,0.0024746293985148634,0.08314065143353795,0.39748923152505816,0.12337900107800416,78.22122474111487,12931.216878546275,13613.95561179777,81.85743704758902,0.010082100353319618,0.010767777099710168,0.09254649701363685,0.0056170008081304,0.13895327225603787,38.35048891474527,2651.3616426281797,2637.831109074271,38.32544846443418,1064.9939718139253,0.010434858905806275,429.6185889347177,0.658,11.9083
all_coloc_first600_5s_window10_20Hz.pkl,ddtw,1,231,562,157641,5,600,10,20.0,233.8352697944819,0.3,magtrack,mcc,10,2,0.04819852566804737,0.007416083796375704,0.9479733143656348,0.8012433969696258,0.07481650084068613,47.6,7479.0,147993.8,593.6,0.004783597579276233,0.0051802193676787085,0.9375263888447709,0.002688578059143204,0.07579154929577465,20.6,1501.8,25766.2,244.2,27532.8,0.10333069610274356,0.015067064489332186,0.002432750127018355,0.09915006323458038,0.39751326177532503,0.14612308385960146,92.4588557143122,15409.84691033626,16081.647066143441,96.13656952481715,0.009778303335598704,0.010366325037204466,0.1111292570693634,0.005378560338760084,0.15895102291266686,44.07312106034698,3191.571205534979,3122.5356939513117,43.30773602949016,1064.9939718139253,0.009463579365397216,406.42120962371047,0.612,12.1631
all_coloc_first900_5s_window10_20Hz.pkl,ddtw,1,178,435,94395,5,900,10,20.0,404.9046316295818,0.3,magtrack,mcc,10,2,0.049256368281231894,0.01056814371720354,0.9568565534419932,0.70263207662786,0.06511602071589925,31.8,3493.8,89539.4,468.6,0.009221534840206014,0.011643290995766243,0.9374286858408872,0.006454842067749088,0.08102302517003061,18.2,887.4,15358.2,191.4,16455.2,0.11395757164894742,0.02074764022802535,0.0041062686090636066,0.06039394213736869,0.4542371327716773,0.09624679446011199,46.6,5550.54278066569,7170.623239300751,57.11076956231636,0.014088864729810625,0.01785775015402333,0.08745482368442348,0.009990491732513094,0.13598081989847305,31.079897039726497,1571.1748597785033,1412.8771921154364,27.335690955232867,1149.3129077844728,0.017479890095933856,561.6657551180069,0.348,10.431
all_coloc_first600_5s_window50_20Hz.pkl,ddtw,1,231,562,157641,5,600,50,20.0,124.30003639807919,0.3,magtrack,mcc,10,2,0.04898462513509018,0.007713937039630232,0.9580507301291054,0.8013993353703086,0.06789743566932702,43.4,5932.0,149540.8,597.8,0.007125305472221732,0.006272874117165907,0.9499790146140377,0.003281604609717292,0.07111549295774648,19.0,1138.4,26129.6,245.8,27532.8,0.14126883590476122,0.01350025816403389,0.0030020545378293463,0.07571778809621682,0.39720134109145766,0.12956200841624108,82.85915761097262,11864.038974986554,12353.08172724523,85.21713442729695,0.01432177399160061,0.012577644412418452,0.08087131818140392,0.006581210271480055,0.14223998384897293,38.12872932579841,2276.8569212842517,2413.36243444701,39.804019897492765,1064.9939718139253,0.01502140041819166,205.24194106171265,0.584,11.7649
all_coloc_first600_5s_window1_20Hz.pkl,ddtw,1,226,552,152076,5,600,1,20.0,206.4199906678836,0.3,magtrack,mcc,10,2,0.04866264856437541,0.008221853027086366,0.9814910634775756,0.8016441015469606,0.030864380697677395,19.2,2140.6,145712.4,604.6,0.008169332573926488,0.008863016925199366,0.9764134147900674,0.0051762940735183794,0.03433503836317135,9.4,387.4,26817.6,262.8,27477.2,0.1040766922884255,0.01573768761439024,0.0036942101358703886,0.02881876859552241,0.39671190252363703,0.05533770168273857,34.41162594240499,4308.912814156257,5636.096507335552,40.32914578812698,0.016802659989096937,0.018169048820289774,0.029402367233504954,0.010738168928136565,0.06922166866201217,18.932511719262187,831.8538573571682,1684.406791722237,26.59624033580686,1519.3901934657865,0.018498922776140108,344.0307322389199,0.543,11.5237
all_coloc_first600_5s_window1_40Hz.pkl,ddtw,1,226,552,152076,5,600,1,40.0,308.94438930859667,0.3,magtrack,mcc,10,2,0.048409643928167455,0.008331718184389377,0.9842625514887009,0.8017668434580196,0.025421866222904856,15.8,1728.0,146125.0,608.0,0.004791748315277109,0.006790801685582069,0.9810486569016821,0.004105128448194141,0.019671781756180735,5.4,254.8,26950.2,266.8,27477.2,0.1264665831778094,0.01622533388278817,0.003971701810198249,0.02626696251973019,0.3964668150875633,0.04798861055163106,29.778515745416193,3932.584290260032,5289.340166788292,36.540388613149695,0.010558218753001775,0.013974575457089007,0.01816251724585963,0.008431628445142423,0.040880518272970755,11.244554237496478,510.3537596608847,1573.4635553453406,21.91255347968374,1519.3901934657865,0.011516229161055068,519.7329265384345,0.701,23.178
